y,AFFX.BioB.5_st,AFFX.HUMISGF3A.M97935_MA_at,AFFX.HUMISGF3A.M97935_MB_at,AFFX.HUMISGF3A.M97935_3_at,AFFX.HUMRGE.M10098_5_at,AFFX.HUMRGE.M10098_M_at,AFFX.HUMRGE.M10098_3_at,AFFX.HUMGAPDH.M33197_5_at,AFFX.HUMGAPDH.M33197_M_at
13.8211493798311,0.181489493337451,0.266064647474454,0.384383552740058,0.619939403001471,0.226113780483404,1.35649236617005,2.23402384476938,1.8491618951791,0.236530624534488
0.803467090086981,0.100465038596872,0.146597505001267,0.279561720454843,0.484216626525027,0.0261178242160216,0.64807518399292,0.367280505659838,1.21255095490545,-0.391198620222782
11.6381548548504,-0.442175542314982,-0.594649492455428,-0.321945826920386,-0.520546798041059,0.259940652836092,2.37805596634435,2.29983547600443,2.68084382945968,0.245554369733123
-13.4072998342738,0.149946374762318,-0.0565984720125233,-0.599367137623014,-0.126922469559719,-0.0403778829771208,-2.53783629762477,-2.36590918699153,-2.48289119975632,-0.996258887540375
-15.8099074268799,0.414847718505569,0.146419072599885,0.12064841416737,0.0822154616566649,0.248539930003155,-3.36360335879106,-3.0207738774147,-3.02109787473898,-0.100343856395133
5.67283806467967,-0.536697402058004,0.591006203001009,-1.22512979222678,-1.20824668439223,-0.255620533299339,1.08075852316187,1.06445376308473,0.447473146290808,-0.555990028390069
-0.918905021275533,0.262936911487708,0.789853105952659,0.328136405020492,0.132123035383031,-0.024987252895985,-0.215540395933103,-0.101561432370471,-0.393716657806935,-0.0532156621521987
12.5663616579727,0.677293473592898,0.398475923012128,-0.402143179942161,-0.335726810701806,0.42265387222266,0.441110522653492,1.37349755160698,0.536244244655514,-0.995482028504317
-6.84956534870408,-0.277905927185124,-0.235607087703939,-0.195588951704851,0.606168078857417,0.898464095145438,-0.768273921684302,-0.730931619878947,0.839802506113933,0.31673210463547
1.88994509242185,0.835755617993487,0.92111239894178,-0.624705071129046,-0.681432073811388,-0.129311455706103,-0.815194703648945,-0.795982009207844,-0.992929859359815,-0.284415292249523
6.69414400945401,-0.390228549595721,0.184482748662522,0.58452063909513,0.64017514846422,-0.0722571206154314,1.79923947553127,1.98638577380679,1.83984424952125,0.528540055254754
-9.3223493632979,0.468419847944293,-0.145934352663016,-0.479460292749665,0.047643702362399,0.101439983616312,-2.402481923105,-2.07899952915726,-1.68480543891374,-0.233248078514587
-9.79435646552498,0.163731657417635,-0.0693411413036975,0.126931105197515,0.368457700970521,0.402372408861927,-1.95806296089793,-1.96133829530689,-1.57639381123235,-0.137332184590039
-3.85976658145743,-0.414371110767692,0.113148447685982,-0.373932785539786,0.130627196828344,0.143669225148025,-1.38820598627193,-0.225109318065768,-1.43796672781644,-0.667634238148829
5.50526204493611,0.0374571823964166,-0.442259168343529,0.519305982534504,0.53633693231989,-0.190872889839953,0.197195066569923,0.80531996557349,0.519708976324539,-1.01010632111411
2.55362785714514,-0.147158000282521,-0.320205731834761,-0.611273956552839,-0.184315812951868,0.304600295925477,0.431678327788115,0.469298054662426,0.578098571187814,0.964638966530135
-8.44919505234287,-0.217609141921843,-0.161642377213756,-0.201656907671336,-0.0649188244971944,-0.26965379851346,-0.942260084426656,-1.20132582388474,-0.629456762191716,-0.954994171158978
-13.4715643120819,-0.100004804405408,0.513996344789539,1.12652057656317,1.11859177808787,0.261237225674138,-0.460992047094422,-2.25676201004951,-0.841428620786422,0.132908362357424
-6.19660832367503,-0.352029634323825,-0.180816290346332,-0.38045513813411,-0.638620928684334,-0.704284965120362,-0.232723029578583,-0.535442282386907,0.208612639237713,-0.837343602494682
-7.40131094363056,0.224929853371384,0.399173470870108,-0.248010999942757,-0.204831378696184,-0.197718336836799,-1.38056286465898,-1.38806542982008,-1.11216475804487,-0.176060528592094
-5.32092929860307,0.122452520901934,0.112097342031375,0.00595464517672623,0.0684773926460013,0.465198902438091,-1.69130744675188,-1.16346561,-0.453039688041236,-1.18961167762395
-7.87343305046963,-0.105905657522243,-0.0737604511830412,0.4326258891483,-0.0231160507723322,-0.38341575850644,0.260886351693551,-1.08568808688619,-0.56951621144861,0.520243143709456
3.71663228068699,-0.241266791957328,-0.396738606852326,-0.0597249705921483,-0.908355353912802,-0.923072730549497,1.45178047574846,0.748949587691292,0.638211217098489,0.543728792489142
11.3906941011856,0.553140365267522,-0.458956629603607,0.387685754052051,0.276950546345685,-0.338731795172018,1.62354140214372,1.43492687696009,1.04386314021232,0.557050288950206
-1.01786807746211,-0.325409794451612,-0.577317737054795,-0.929602068140832,-1.18842844890968,-0.762707498856334,0.482689634420191,0.200654647822601,0.0801124221019225,-0.314011566488904
2.86624542932355,0.45266492551126,1.05626252181786,0.443426958790886,-0.124587720978814,-0.396335923836453,-0.131670820675466,0.261796882531894,-0.346990981406362,-0.47191667974134
-10.0557628837801,0.221671650886503,0.283027268367318,0.839531180117479,-0.266575946427518,-0.69238989898086,-1.64243961072949,-1.97296345123082,-1.19396521866549,0.522984933141339
9.95937439593318,0.411709761352336,0.674319081159327,-0.580053946358055,-0.19124682933876,-0.0312585090123884,1.46815594591367,1.4352003151662,1.48966112530103,1.03346347062893
2.05375940778895,-0.0623666815205967,-0.369061288081709,0.918408063171686,0.740095090533288,0.639499212608275,0.37180620010057,0.409653019475319,0.695744650141433,0.0712037096711621
-1.66577892684718,0.453489617502935,0.583563027814197,-0.0570029529959889,-0.192458350959281,-0.390431481278311,-0.101370486939678,-0.679632862693176,0.0887595721037588,0.252693596656699
-15.271009733423,-0.480793064256161,-0.249652104037021,1.30003024239775,0.944218655078011,0.850676710048118,-1.26097545481131,-2.02947101163564,-1.5785981582762,-1.47624488380866
9.20408064673937,0.163202314696721,0.597430289356603,0.244784370330754,0.171449389964105,0.258132488280908,0.997914120796503,1.25747136967923,0.551840775870662,-1.40800160566857
5.20664192396688,-0.133089177786176,-0.347917169738018,-0.0753743378059837,0.399731497003533,0.995100812307854,0.800598539313174,1.11573564827287,1.50747676266982,0.986703304407317
-1.39651635349254,0.572742349983571,0.586921396975234,0.355738069639529,-0.0675829929933618,0.427138989486615,-1.1495926249474,-0.922926798053356,-1.14891312128785,0.270373078265078
-3.54809359070827,-0.758522302739826,-0.259642612755132,0.248384773506126,0.432671451229963,0.549319341604126,0.328444775418144,0.130571483994767,-0.0374826899074036,0.443649666096908
-5.41215379974604,-0.402598088591098,-0.421555001071396,0.132967429647165,0.313286673298271,0.00275497539161781,-1.37734302198888,-0.538354217739263,-1.81263818735384,0.0986750200702307
-6.90971014777583,-0.680863078021372,-0.212637499940853,0.274449614585054,0.27766054738263,-0.153743391675788,0.503573994837107,-0.445690223087657,0.978693549344817,0.154741201755929
9.81070281741622,-0.204436251915424,1.02350945086391,-0.424579533701686,-0.435269558010778,-0.417028162574058,0.857728464655914,1.9564957642391,0.908613741912242,-0.195962542294922
-1.67526998232773,-0.25806170103064,-1.14589284929612,0.201899493469263,0.00522402692895723,-0.208175817786191,-0.693387945419117,-0.0502090216093796,-0.647152385965407,0.818711559444738
-6.35437115855256,-0.0792336124697593,-0.0124529578996172,0.535538478825154,0.15907023057081,0.578406671456555,-1.60212001036607,-0.885470973550017,-1.42698213347744,-0.645350459240301
4.12317448181457,0.0686828874157342,-0.488495608596415,-0.318876263717476,-0.57309909566698,-0.417980184871802,0.700726717273938,0.654628923787739,1.32959176666838,-0.637669036110593
1.16173214685727,-0.53465281279525,-0.127219309186968,-0.124444382810967,-0.198596910006809,0.000369862023544136,1.01756761732592,0.698343303268362,1.88324189470243,0.880893250323181
-20.2523084355892,0.0809154390777591,0.00558977623183221,-0.203890260193278,0.200853538518022,0.303517311832919,-3.8547558547976,-3.25679640359427,-3.51916014976349,-1.35513253561917
-21.4680840306503,-0.203541471118044,0.150196247487505,-0.926370274704121,-0.641338449331823,-0.188612038632513,-2.96920508646507,-2.99495028734072,-2.4888764310027,0.379567500106989
3.89696698107729,0.296201339997424,0.131745036714866,-0.709488590076409,-0.15519551056396,0.344639149191279,-0.47423023415436,0.40242923561612,-0.180830801402433,0.334781797168576
7.61556327066627,0.216475509622654,-0.360705144272683,0.13976969608789,0.467931635750033,-0.183613772047837,1.10039435012907,1.04748380281432,1.03758698864603,-1.01178241412581
0.850043661435891,0.191534209190882,0.189917967293955,0.330710905858101,-0.391392191492524,-0.207726397509274,-0.473658140834978,-0.214305551645102,-0.102997354571666,-0.244026135338475
-11.0591124814288,0.326078976141939,0.313080451117057,-0.531991761778553,-0.351003782262359,0.111851101625837,-2.82757674238252,-1.94509195221309,-1.48296637600123,0.153441609362768
-5.50565338577547,-0.341547248701845,-0.319678610603098,-0.512275773960854,-0.293344764290124,0.00757039409852525,-0.885829846167187,-0.264219714980241,-0.594616817898232,-0.0123613085694133
1.27057370815125,0.116770220667214,0.113642129417365,0.148971389983549,-0.340377031534935,-0.30033210086476,0.45362684666729,-0.00136960507046542,0.429985547791557,-0.113996644213771
1.83986254253676,-0.161039418834703,0.188317132095149,-0.021643090985692,0.0666254875521215,-0.561206130532094,1.80174689235201,0.470194783202325,1.01228313574414,0.437763634360108
3.39416131358323,0.320886449921291,0.281730057012774,0.498911483576353,0.758719093127881,0.484183581017875,0.351457889097844,0.538815135263397,0.0396820665693359,-0.158113598302833
3.21581809727791,-0.36412510424725,0.00180357423029479,0.52652281985349,0.720646674063209,0.942229298709832,1.4857138266588,0.950421041580021,1.69687878796797,-0.456952309325644
9.43492968585015,-0.422010143066558,-0.406564285631598,0.635858296381471,0.351209884240333,0.324779593288254,1.88783117086434,2.06122618593794,1.62897026886539,-0.115450259877207
-10.1911445197513,0.0138518025455621,0.388020387542385,0.31054365825564,0.575215469538208,0.52354500800233,-1.66809514391045,-1.5547374899658,-0.850085530632672,-0.627984324959406
-13.0084034789459,0.520390842769846,0.584017299147326,0.152444250979165,0.101953038384129,0.0991195682344486,-2.35253420890325,-2.40234963507179,-2.26851585326783,-0.310215850066054
-0.150273077816751,0.21248964821978,-0.0570460460377269,0.480449669366824,-0.00186149389197517,-0.57791035323017,0.126961922958868,-0.0821102443295544,0.0519182193637609,0.422155575599685
-6.03758527139456,0.118685264494353,-0.23792631683405,0.656990652483448,0.210892371408279,0.0268570370524127,-1.1931035109317,-1.02159327275892,-2.09901594934044,-0.363671578716317
5.23919457084263,0.481264177449325,-0.14139017201958,-0.1466776219528,0.0337792202197371,0.308987384775964,0.550673706808376,0.475236730766753,0.0965977453796373,0.000478639698373566
13.9759674026006,-0.0237323232804824,0.116041307086782,0.767693056271002,0.285839129357258,-0.0315685782360838,2.87660283589648,2.45630789054554,1.02404418172373,1.0011502130707
-20.2797225681115,-0.259856589170287,-0.325758966796585,0.880952089694643,0.692258616788843,0.570112873986897,-3.38133170054992,-3.12695786309629,-3.09824835598119,0.511417987518129
-18.6067575027455,-0.675664636643588,-0.00506731708836099,1.36602178610345,1.09694791717376,0.190030290107492,-1.23485752202695,-2.32353063443087,-1.99104454427749,0.0422134326087142
-8.23564199926322,-0.33486159043173,-0.0822342118941847,0.243297114118317,0.132646318125737,0.823119268101731,-0.768966587244025,-1.26710163374502,-1.35520204228438,-1.19793656470864
5.9496546765964,-0.643069169447903,-0.118694694544816,-0.165202117439128,-0.324703516890455,-0.838307776825202,1.66208291092321,1.59061716053527,0.516842258374238,-0.121103092317711
-22.0642892798139,-0.889965041351413,-0.155735941667714,-0.270055276256822,-0.131150262359259,-0.638697711059104,-2.3891214786509,-2.80086326753556,-2.18133705429626,-0.693238583568489
-8.59991371817619,0.246857771699225,0.318630150470314,0.239693554712016,0.00858869324578635,0.166089635274252,-1.62839386863035,-1.4689011379927,-2.02431021496694,-0.675549671499664
6.22257545547177,0.431346172731064,0.242544836767703,0.554953760555209,0.731558842031886,0.882245823525215,0.360662988227005,0.617888609942,-0.327016354406584,0.977291276812504
7.46613477536693,0.332332204528141,0.389912533319779,-0.0117578924811638,0.321633635840561,-0.107729202928355,0.973632621140857,0.980503058496584,1.49559246517703,0.548215880913007
4.87472168351999,-0.33731683707201,-0.817071773436261,0.582424860948101,1.12983893316041,0.976528881435646,0.609658504099882,1.27622973484509,-0.705213758462959,-0.0687156728479193
2.18176893241059,0.2819106394778,-0.841410452920773,-0.0242207100751016,0.0607037652280833,0.356294981255973,-1.05483024418292,0.215821497112888,-1.82127386675928,0.211618206839401
5.81419724745841,0.231479206457247,-0.661200076602695,0.634745815442213,0.248407171644311,0.770674272660359,0.524560264474133,0.900927470069691,-0.115610476100733,0.0887404507511311
14.7675916224606,-0.0164092933454127,0.255676919456193,-0.847369501115178,-0.684157130545272,-0.329965015213007,2.66320573226723,2.30408085174942,3.00761691288238,1.41171454798606
-5.70332280303109,-0.183565883918151,-0.251506327330782,1.26625912765266,1.23757137264504,1.17028864787951,-0.815610623898439,-0.905096514634664,-0.153358852052484,0.179220670609228
-12.2062238826207,0.592221159312683,0.61853783947274,-0.106360922209447,-0.115515878388137,-0.0406815063961443,-1.38232810454562,-2.58637383282663,-2.13288491994033,-0.138344688563763
-12.9848123561203,-0.341358187285379,0.189627516816328,-0.0591105838640384,0.137453246187424,0.099670534109886,-2.36695283879219,-2.16088372675895,-1.30941361045219,-1.17140350774206
7.82827673821647,0.334222876107406,-1.24897023700129,-0.639211703005355,-0.27089122309553,0.0952612799742905,-0.255297704673812,0.935184785810653,0.0989702042251278,0.596755901022782
5.60753557575915,0.0560914233171715,0.0984328281020051,-0.880146362722976,-0.597271196151768,-0.403807175798587,0.900137209846383,1.01560207940292,0.764669565989429,0.141043115523883
-2.0841100511281,-0.336582767632973,0.324588182082844,-0.259265755270431,-0.115151731082015,0.523921221447914,-0.552926704587145,-0.0429292332593141,0.129212450574246,0.641405212981259
5.25578572914776,-0.320876148368392,0.132685484769978,0.799988018853244,0.341972531540915,0.168360316712188,1.51024932445497,1.14080400396085,1.42313223864272,0.117708877008469
-3.70550782437134,-0.228833890685124,-0.350417209712819,-0.376479190082903,0.514428551671723,1.25566798129732,-1.2673372433409,-0.532275718435844,-1.00407888525464,-0.943252946361603
12.2150136520963,0.000106070298337008,-0.404628814451827,-0.812593493876484,-0.589238071230364,-0.370072864208918,1.59201070142312,1.91402148212659,1.38310925938909,0.297436977326691
21.5841749789668,0.0877658522626432,0.2366660389199,-0.619289517271013,-0.47898786913983,-0.517669888600323,2.74504229587147,3.20658503617068,1.71833636883718,-0.449250565679119
-17.1273396442795,0.566943046806062,-0.0190950716391316,-0.246756494410823,-0.336850778876994,0.0786511499378501,-2.83523408133621,-2.88660275602763,-2.27092343420544,-1.83989552441209
-4.55903739239934,0.101359012258356,0.597147272562403,0.436119852707294,0.0326853979389259,-0.283359289992461,-0.777812724294887,-0.614655226116772,-1.16914901232211,-0.00153345648238748
-0.247282245458671,0.316683214111463,0.0124564843033839,0.477467391175491,0.437074472156929,0.128629860452875,0.361877464348391,-0.272816943049288,-0.442276185610356,0.0203540352336397
-0.803839480966804,0.51620355070226,0.317470908681416,-0.47697176478351,-0.169022975791682,0.0195236208506966,-1.55803256062273,-0.769935561260934,-0.43815951268798,-1.30060920414339
-3.43939405527108,-0.139867029314807,0.562663860979118,0.851029412538678,0.682019255754346,0.409349810939503,-0.771889321868868,-0.345865002636733,-0.513016144912745,0.389292477902877
10.5850815475612,-0.293637629043977,-0.00154737942585879,-0.23908212002434,0.0574209827142618,-0.420025757410155,1.99002240898791,1.91972581889307,2.17498639323944,0.195071219398174
-7.06610311283003,-0.228022466713973,0.89016550102396,0.557637556652334,0.311674721308029,0.14687293820843,0.80381170592612,-0.679097222176865,2.4210726119595,-0.185311751973909
6.46884967663216,-0.215696021044504,0.56062608853188,0.56572416480205,0.146386795697826,0.330638756557401,1.30666003359751,1.49070464876532,0.692882487256748,0.0925964796428319
1.76149379037538,0.0149390756990551,-0.325432993932439,-1.11606414323427,-1.01739677675038,-0.755357209909462,0.341975669209823,0.47571548828557,0.454200385704821,0.416016554539731
-0.293924354692344,-0.632421538858716,-1.4979048703897,-0.09985190147526,0.334616808094662,0.483823078203559,0.919840371380551,0.86972117893724,0.958171639326146,-0.0166491835949179
22.6401814363671,0.0566892124558421,-0.656289350559903,-1.22649696675568,-0.725376788092864,-0.235563365820835,2.85078799144677,3.64636089053942,3.27976374139518,0.544611232364804
1.57314589239757,-0.529713753734307,0.271993016178277,-0.00872894667377892,-0.067587236571609,-0.579473063954399,1.15485065076656,0.548035074243217,0.307270154603018,-0.421231305522141
0.392833534910636,0.0755723118191036,0.0138719304145235,-0.349663553668308,-0.060363668364118,0.206190943451215,-0.24619848351171,-0.00745758960973104,0.661895864453534,0.0840962579752094
-7.41879921925566,-0.213580624567563,0.730032801643349,0.296526604657083,-0.00323110575471278,-0.577170443833689,-0.963145955329661,-1.06912380093688,-1.16139830136662,-0.0352904507843758
-4.80013786420577,0.00409946274836059,-0.0782510841336763,-0.383515788423567,0.202184309976228,0.184251826122521,-1.18434354380159,-0.384496720990833,-1.01853295500517,-0.869955359354249
-7.76429532835946,0.34141182870515,0.878600622897494,-1.05096228037866,-0.882754256451832,-0.341410669443902,-0.759829974276317,-1.76713499247517,-0.0946462764994462,0.237644814097552
2.89460897745232,-0.141239108445152,0.236028102421264,0.24135616160985,0.249404182172642,0.244178050135199,0.785085211518835,0.641599367457491,1.39568908297402,0.650406217777856
-7.30533158273601,0.217348497088204,-1.26544649143006,0.0786123370954283,0.390700508159279,0.511407714720963,-1.28986272465197,-1.36984305687305,-0.727183273325529,-0.130808078919716
19.8327016779762,0.42162041368285,0.387014433883681,-0.855177767094046,-0.861131120197496,-0.698339112842515,2.29565414264788,2.98228513951693,1.83714492386906,0.42022648203101
-17.2902538451095,-0.187385126924301,-0.669275416796257,-1.11411102009684,-0.758599774515302,-0.979054389147711,-1.70077063990715,-2.45732586633408,-1.06628884448856,0.0549518964722938
6.26684371381197,-0.248801274956059,-0.645063359013362,0.51942347071257,0.392821562683539,0.597460272261007,1.21160092919071,1.30924122973492,0.885141970029613,0.137658396057864
-17.0621396923239,0.881788948049137,-0.989514227677893,-0.487889133628046,-0.591471220989857,-0.613165292099281,-3.91602927125766,-3.5312100071609,-2.91550126719293,-1.07393983334585
6.42356522968467,0.578647792995155,0.244454746032842,-0.698673352030029,-1.12634899782581,-1.17150210531489,0.435623059979415,0.345891031176814,-0.012338545768992,0.215813942620176
12.5154265543822,-0.810410541730286,0.5757629694625,0.990491247680941,1.06296798097443,0.314161695048398,3.57747537559958,2.82955214060154,2.51169232872336,-0.440547436839822
9.37867375017789,-0.477696099400534,0.0904601860482091,0.327301422565353,0.762886020203803,0.566665390097645,2.75943219517228,2.01797066522191,2.20445070672984,0.870993951445286
-2.62654181670438,0.0129167689027144,0.653924997801234,0.208646585203256,0.232168607834314,0.0464841861484555,-0.989040154913557,-0.390914458132916,-0.651945253221843,-0.699145366539712
-7.35109117580415,-0.955169579201071,-0.102513732832376,-0.318107329958664,-0.232802695189892,-0.474694797576763,0.528696226234106,-0.190046084415516,0.833746843327103,-0.0926660734514099
-10.776710693321,-0.0223637857760212,-0.153148053511611,-0.140246661767983,0.499836084353425,0.789432371171486,-2.30721097104901,-1.82120719760167,-1.31395377773351,-0.305873889612308
-6.94519979161262,-0.591763256634435,0.107132527943755,0.0806205002551891,0.218602736567044,-0.283475821770693,-0.637731638861137,-0.74425060713512,-0.918197475410305,0.20688021233044
11.4282851188343,-0.289832817737829,0.82431857309378,0.798072325132294,0.117794356452787,0.423622852519266,1.88130188406368,2.37990563787963,1.32258942052639,0.349465081537853
14.956053336235,0.696862440303367,0.782408372265331,0.610870852125246,0.20906396509276,0.061942155538243,1.63776095598549,1.78026396665948,2.05290234586584,0.160963119906243
-0.325628197894387,0.494804155870249,0.109325642362302,1.16469812745605,1.05614233361997,0.433934414568699,-0.532493734963406,-0.451558430411105,-2.10653827937301,-0.281248423315943
-3.47365852894684,-0.224056872941538,-0.202862916799121,0.193679150131147,-0.0220288838950357,-0.0183814795659634,-0.407186792443209,-0.346198654905826,-0.410995146571701,-0.540933846450556
6.62788643203985,0.483405819917601,0.803175462601006,0.264822150205643,0.164578610813854,0.320828318040196,0.425157647623681,0.52112691011943,0.590206700199338,1.04065861957839
-4.08247530300303,0.425643783256061,-0.247207784196326,-0.238625503071876,0.148010711277225,-0.14376889749153,-1.64908194981496,-1.41568957541184,-2.28122769069096,0.273588594297852
8.11791744866642,-0.751383963955578,-0.251215233046705,0.921139344203533,0.385604581196219,0.520779444162008,0.924565307586233,2.17011966384914,1.46567792880764,-0.248738197943935
-5.99837078329706,-0.0816201478704367,0.527400043736639,0.277534112285832,0.427578519656788,0.193495047884082,-0.696418613309246,-0.873543098053002,0.0671937117996952,0.0677189022790822
-9.53020168965443,0.110004501577837,0.31449026564204,-0.635890597718074,-0.686102070961703,-0.468114995556669,-2.07702812434083,-1.70526414446796,-1.67064671730619,0.541479579949998
0.065718223513219,0.297916958645635,-0.0673103833211607,0.330635620347783,0.0100487441845747,0.391925961437001,0.115404159570924,0.0153712558297944,-0.0934673894975184,0.613978231762369
6.83978703155991,0.30642173029149,0.0127106379258761,0.197893515037176,0.457013373929896,0.416510904417405,0.404377218523598,0.805128103276466,0.467773770722412,-0.149901404566288
16.0290767832689,0.665901735547711,0.633827005628232,-0.388466688064566,-1.42064031232756,-1.0588453427975,2.20654098385042,1.97568009208141,1.88526200477109,0.346431540786181
10.2622016019022,0.161673229602234,0.25189643665717,0.0935048143636047,-0.235360577345746,-0.857438524112534,2.36980555073264,1.46344319553495,2.82286237575596,0.366275517942724
-7.24959551118563,0.604747456120836,-0.416545471814217,-0.316987384102768,0.2574430217639,0.228049826443109,-2.11353841339037,-1.7646898518228,-1.86328348424481,-0.602203991275123
10.2762312669696,0.464275511571592,0.177618466373355,0.178678914038312,0.209917567595714,0.226411742672802,1.28810411070386,1.27301308492327,0.484865140585636,1.4312610042055
-3.36522373524732,-0.163110791833673,0.371391452370832,0.179153790748169,0.683908688372853,0.428871800119416,-0.310398077109377,-0.637076241277729,-0.19287915293797,-1.964344124027
-18.085205760504,0.000463111767718892,-0.439089299560161,0.0532416891993022,-0.757193777318582,-0.169442633411549,-2.94853064486727,-2.91314825835857,-2.08188176649855,0.243834270904539
6.45794656774908,0.291475816129429,0.259345457249208,-0.037046047454635,-0.15453439778977,0.220495898134357,1.91885691797399,0.677798893388902,2.42183212005234,1.07777220591248
1.39605497611536,-0.0828094275305011,0.288839950058282,1.26292938279588,1.47548238503719,0.689827260313337,1.3440700305939,0.387510141681424,-0.35397898170915,0.256318818494871
-1.03804824450196,0.871519078058516,-0.320155010966402,-1.63525901220072,-1.50891473892233,-0.905031766290583,-2.86200818742189,-1.02960708015431,-2.10258037702507,0.578175368880502
-9.30564269106643,0.154902842635439,0.573000806300412,-0.975801671958788,-0.690405620341686,-0.7378523532799,-1.41358867440392,-1.68019329879397,-1.87665562764679,0.529673630406373
-11.7955567526248,-0.596110203010747,-0.195404232994334,0.883640589976074,0.531002196951475,0.146955562860069,-1.0136561546354,-1.56995712591287,-0.115439320127332,0.377859354669163
7.14123364482295,0.165292998472209,0.23269063951511,0.116114417789168,0.492699104538318,0.482329130510409,0.448458284197509,1.01202303101042,1.06004354371808,0.250241940915698
-3.98673395135051,0.58097029188053,0.580386865517321,0.152058128929876,0.55704119350325,0.880740561007214,-0.931696837473868,-1.0565892859973,-0.61959223032348,-0.38346147023306
6.61244584766048,0.531591416499751,-0.255075901244786,-0.622715726965708,-0.24633195605363,0.209143961348879,0.513139677037112,0.60037114592778,1.28253704721771,0.25422244666636
1.35353753625189,0.103162158027398,0.112126464267465,0.194550293343652,0.374226166808667,0.852566084516981,-0.494436018765677,0.0786734179098268,-0.918982861025165,0.159189579823846
-14.7477652197095,-0.157005451740307,0.153821710465907,-0.160219681229993,-0.409515359420248,-0.406637722045639,-1.22059290546201,-2.04656209780257,-0.933211139413738,-0.367954571815992
-15.7785102137995,-0.236511952162162,0.194277950357855,0.111536280086156,0.14555016995859,0.339662449930158,-2.37983751905206,-2.19081929098149,-2.27585545520611,0.514769539415996
-0.329132791799499,0.328842055956254,0.29784148869772,-0.0372768650159223,-0.423675197438491,-0.502802316405828,-0.668113975138883,-0.679625077830057,-1.01317234162446,-0.433352352209335
-6.61664652186852,-0.103920249972174,0.349716245474096,0.41414595362298,-0.0808426110181926,0.193846588258486,-0.560530994368412,-0.844608081168542,0.427360548647474,-1.24499231205482
15.5221301174633,0.48523502656792,0.673017176056719,-0.0160663416681093,-0.147136432920706,-0.199151453489275,2.02359480905316,1.85370580472957,2.05228214949983,0.523051510231351
12.2765663817985,-0.275033109328056,-0.296634279809539,0.799233833169251,0.701900231443071,0.554142745302829,2.52762809627193,2.25959231515488,2.1175107605692,-0.847953693391534
8.73201741850633,-0.143027934556119,-0.968342114127848,-0.255539290976121,0.282848459787082,0.285000267142127,0.984032123628898,1.67345924149052,0.3978530100765,0.0855663418525521
11.4197928580585,0.0882055260934405,-0.130062300095032,0.843430475605757,0.43063686141744,0.195335804142619,1.67920164095059,1.48980545761017,-0.105339060822978,1.3903231594477
-19.2357988511419,0.233946824365043,0.168012196722004,0.182678110689317,0.429055663494305,0.0111100740092425,-2.39894647742367,-3.23946272819758,-1.88865956653227,0.0369490016725524
-1.45085438445809,0.902239173887325,0.336840359198188,-0.361987550377707,-0.1108645192244,0.00992529870135125,-2.36832527987499,-1.31356970975322,-2.2632390687527,-1.06125836623314
4.55041860751277,-0.650073982914465,0.0655330341969747,1.34385338540286,0.687949930022212,0.676982828666129,1.69353421490341,1.05410135123544,1.62952003495355,0.181453872550498
-4.32560318475934,0.258453260641537,-0.157376855136717,0.636423371773286,-0.0824582561118699,-0.144502464619121,-0.377394043791151,-0.906284027710665,0.751058806504804,-0.40736678291203
6.65800548671292,-0.0784411122690486,0.353732376642453,0.312816186595146,0.0954379540534337,-0.0758966829185392,1.2836861865678,1.06901264947638,0.666075004959157,0.0821774020628879
6.94823371337671,-0.132070545348363,-0.904265823411065,-1.34726504086621,-0.967537882908467,-0.504364995673352,0.968912424540347,0.909532493697339,1.36220616825868,0.441900455549558
-0.998671767346721,0.633837809417539,0.0690340823734617,0.0856237818529819,0.170039790105909,0.310803018367273,-0.980140197094641,-0.889419963427213,-0.243161114690712,0.639921015872098
11.6841037580885,0.281216445849961,0.129848194943589,0.971948932973654,0.700000124381227,0.413950171005725,0.678515799723625,1.44028674738905,0.030062403546216,0.428084432925023
7.40140750369037,0.108589725559604,0.717203927016189,0.320255069332099,0.418511058321111,0.364626339586938,1.10790020977338,0.863125102493914,1.03817577354219,-0.0913874233758874
12.9757732327512,-0.135971292447625,-1.09124097752122,-0.0446762249540661,0.28213612242726,0.502419822431648,2.34986802166277,2.26799157702315,1.35503705068183,-0.411613592314823
5.91819011021325,-0.692262759687371,-0.445195400517678,0.506419418268571,0.192242716620937,-0.285101747458848,2.27432811141993,1.60310415019151,1.00833910086688,0.640077734254556
8.72460167887758,-0.0798183477206278,-0.0823630937335733,-0.235078946433952,0.0860857672310127,0.161393371795874,1.99081323321308,1.45070136402897,2.90639768691708,-0.0212953167089749
26.0552711810703,0.543218981906466,0.539411335948701,-1.17406741269021,-1.19331526446215,-0.865319025691397,4.46776767291135,3.70044241235332,4.81135955053604,1.59015969024315
-7.24845468734844,-0.493368376699807,-0.47854364262516,0.100107077609156,0.400183681477826,0.142190216013073,-1.66987753888854,-0.765214734872424,-1.03206111436003,-0.825388966277663
-0.798199812919021,0.288270180595428,-0.0407505788373187,-0.0381552023758182,-0.0293973610958612,0.154190434510646,-1.96399500723082,-0.606390836190364,-1.84650483044455,-1.16887175010162
11.3872536501318,0.0455524974572393,0.607193474799783,0.598062176786854,0.290879013082198,0.558301638332469,0.660313703988691,1.7222719286231,0.171582616293539,-0.510121306837523
1.87067541732976,-0.292921764525323,0.063393552429708,0.634426343317904,0.365066252839213,0.463761311953653,0.867560236558757,0.591419356672149,0.815586834070463,0.184772857371291
-11.6465705750231,0.180079945500387,-0.203153915030156,-0.215608062136866,0.337624276135629,0.162012722768528,-1.75112832949695,-1.80040524260413,-1.30628410865164,0.713116422709885
-0.765947166884147,0.155323516111624,-0.0553059532045559,-1.0831735323338,-0.863074219494887,-0.675150735203265,-0.484821285276806,-0.355224605819663,0.0310771827280943,-0.609373424673403
1.66588502735688,0.641274097576525,0.813657848282829,0.146042944546117,0.26881116332083,0.940812739199614,-0.326793892338083,-0.421541917065662,-0.620394735288724,0.664065096350717
-12.8015087791869,0.417230915417221,0.193023231092397,0.151526036399194,-0.294716967648174,-0.0568202106583729,-2.32129282935167,-2.64320225192828,-2.9167322253541,-0.0463193872655692
-7.37132877116865,-0.552608750193957,0.594898092524593,0.800419476111089,0.163417111375517,-0.433891300529392,0.348781433324893,-0.703395598794588,0.559265866930287,-0.0210347416580631
-12.3066492205825,0.438704230344183,0.559305406149792,-0.110251456264853,-0.362845124096017,0.0864363654955697,-2.52375517800091,-2.13988214990547,-3.29352945147643,-0.889507252204823
-16.0189394416116,-0.51618613785924,0.537473929477431,0.257611214178383,-0.0114409344769994,0.215742564788167,-2.52241359000672,-2.27225071046878,-2.9158529266081,0.697845603573918
-13.1773828455014,-0.0774054392126625,-0.277922200157611,-0.026986468702907,0.0178614942250131,-0.0530315761418089,-1.28361375445811,-1.96472816685561,-1.78551786790598,-0.367505422956782
12.5032180614964,0.378315070377201,-0.241682990309147,-0.164009036697773,-0.0375120840063955,0.308941497602494,1.94244700652976,1.66005683677995,1.90288430545455,0.894513103670262
10.8904593598446,-0.477347128575833,-0.451293050567057,0.301834853287104,0.239349675371954,0.150639405807036,2.04905637829989,2.21878160702076,2.21227182013314,-0.319905944476716
0.183573096298651,-0.16493579437987,-0.812176644445011,-0.992646047122603,-0.372141992770217,-0.603450226899873,0.362040244315245,0.287987584927056,0.102972037593776,-0.890877754525712
0.684121811116006,0.529982671730163,0.274744754700879,-1.32568738049688,-0.657733501884534,-0.637255323468607,-0.861655947561861,-0.162340950170337,-0.500932121784092,-1.41844121961028
-5.21761313121549,0.337344676814432,-0.697803539598732,-1.8804599977285,-1.25332882348337,-0.36074856326851,-1.84660756544726,-1.00959153175719,-1.46802029410823,0.155611526185908
-0.265378468655984,-0.489498306584085,0.0450107351972659,-0.10566786320583,0.162928403078018,0.831653233972524,0.103233423232388,0.286905344964967,-0.694419804671075,0.524164306953278
-8.06095059343648,-0.437249835196127,0.193034390221841,1.21655705543005,0.8910323410563,0.294403296677949,-0.489444811309797,-0.66569430609843,0.273056257871866,1.6715249820946
6.30018471489382,-0.0957159495062983,-0.505305798099835,0.210376477603144,-0.104239937588265,0.280755441703115,-0.2236414610519,1.06502045738056,-0.755309535388199,-0.00405646686893143
-24.5253757077967,0.313340200239418,0.255817350893411,-0.0618650110876671,0.170871122072979,0.0727482814647006,-3.790908065033,-4.34408911194613,-3.47030273639133,-1.43064016127637
3.61669125595964,0.0755038427041347,0.161493431795365,0.463585095408461,0.45020870256783,0.626278299040589,-0.507839276525865,0.436051429209457,-0.761081502658862,-1.27994630290061
-7.49588528661271,-0.0515084101213194,0.744712171171867,0.130688781098178,0.18628789522246,-0.484040512303711,-1.02317245859108,-0.998298840330328,-1.31377038945995,0.286270596591823
8.85944283847408,0.461130965433671,-0.643146152490606,-0.616016998946908,-0.650064203479851,-0.460947599220805,0.481701720056762,0.878020868629006,1.42819196097161,-0.050258472113884
-7.5445096088011,-0.264781516178812,-0.026479376551124,-0.181982008145164,-0.0633781779526343,-0.246558220379013,-1.01775257650646,-1.21461562874543,-1.33592736953713,0.511395856485344
6.511335762832,-0.0940633831642969,0.489849882524441,0.119279395721886,-0.0320712069165,-0.279517962205902,0.991396345559479,1.17427219084711,0.385291310383877,-0.471225643918407
11.6235615062728,0.0436867501670628,0.0611015179754136,0.0695082476687713,-0.183095358375111,-0.168083601855425,1.48116871409163,1.78263047162878,1.45116875648261,0.382957619632211
14.3197671530806,0.475717888823657,-1.25090531124258,-1.61739553856807,-0.968669581513808,-0.261035447173661,1.77218184967432,1.90186370021,2.84600690419834,0.422918102397723
-8.33523719673975,0.821451462757575,1.13330206816877,0.284446177575634,-0.12438018689598,-0.0156091085459552,-2.41038805860917,-2.4239169069402,-2.10137708001472,-0.915851345064372
10.8934099163016,-0.260488561073465,-0.641012152030272,-0.383885463264619,-0.496863498951856,-0.281045476447253,1.94333983873857,2.07446082287782,2.14852026917122,1.25784747674778
16.3950093352458,0.368894021810048,0.55476361523977,-0.939436374769736,-1.23514473346576,-1.16455671430076,1.65215942521742,2.34042489431625,2.73093051994185,1.60696157923598
5.76647551075322,0.0929830200617656,-0.698374545385875,0.000386877775371481,0.221488270568474,0.315406455881533,0.0833544960896457,0.873240679757686,-0.386134775537748,1.08152991029519
7.57271713955306,-0.00980897382686524,0.608048680155683,0.240679386075716,0.677842635247286,0.528319219499862,1.79152339311814,1.28834420332031,1.8747787446888,-0.375369750339389
-4.71574609731837,0.0854500551332421,0.0515675494021875,0.395482692888574,0.594768440484805,0.0312780819580437,-0.530051591145184,-0.891177900777219,-0.653310736313491,0.539061110655219
8.47263603332687,-0.187619232297908,-0.839307931781171,0.608954134125486,0.613207770401818,0.810917184589206,1.93958933437252,1.48767260178864,1.88110322158864,0.0175401224939609
-17.9879596097474,-1.08075239705839,0.558135391083784,0.213971511233958,0.792262680213849,-0.0849792685412179,-1.21374221850416,-1.7822363876351,-0.927454236495009,-0.48745616068756
-3.49796580681261,-0.328016854193182,-0.00949907624505819,-0.208321628093313,-0.195770096633761,-0.288502463625369,-0.66837351722834,-0.417156131928411,-0.40062291534927,-0.452763840501878
-8.54315828986062,0.342023199367819,0.239300975161512,0.295503081035763,0.450015257258805,0.203158124285072,-2.22604466027689,-1.92528361374566,-2.18074872811279,-0.810924270784976
6.4810660908881,0.382490618254269,0.896645693887975,0.22800236138199,0.43494028265401,0.406463831664758,0.0243302415206316,0.656050138517945,0.435829910934659,-0.202893794124417
14.8503595825377,0.127786983315523,-0.532248679316451,0.0509022082067632,-0.307758495146535,-0.455980166723834,1.77869952781028,2.05699266752881,0.620075391265303,0.118539759401898
3.79113977987485,-0.139762259123526,-0.473662120003027,0.841685025482996,0.890886702063198,0.900041438487625,0.16411300831117,0.890227952240334,-0.760043506632002,0.260368149223346
-8.03339129118985,0.0715322267266379,-0.154606116917843,-0.766196822339214,-0.393508856220169,0.235020741204937,-2.63765188426478,-1.41058732751613,-2.25040184625693,-0.340390776125302
3.44804949104082,-0.227921716088668,0.284455567112039,-0.704738457556635,0.395423695524628,0.502904193469274,0.366855588095556,0.515389856524294,0.593371803638244,-0.392330979895349
8.13537182968642,0.148584802296851,-0.109632089949667,-0.145735548610448,-1.0891312246074,-0.490611998393883,0.969506850758076,1.23088464552248,1.40578607653461,0.145025341712897
3.03210419365334,0.158240534785812,0.86462553724469,-0.346659174742837,-0.367840170939287,-0.865665653521297,-0.37559815069043,0.363144591521872,-1.13908241092522,-0.188800427735636
6.54389478746618,0.304331867529712,-0.803294008988238,-0.98038078169546,-0.753565358413237,-0.53009818694617,-0.410518643485201,0.64344588444073,-0.345600847637655,-0.729178642511178
-17.1280704238409,-0.530908216878291,-0.850769854179119,-0.651235411545436,-0.131663994602104,0.130022919974211,-1.9445704918626,-2.03891188472653,-1.1132473469541,-0.0599284028594782
1.98682246578939,0.195949774754907,0.221511360792243,0.36898981484494,0.430484559037329,0.338810255852768,0.209862277432877,0.0470982898308067,-0.520854581972391,-0.00964930266860413
18.6065280620983,0.414718157592487,-0.113464401524488,-1.08676161676315,-0.54064709498057,-0.329024641333883,1.71011549635835,2.83002196441511,1.61396585703232,-0.284067368370114
-0.358317762730068,-0.0713614460364101,-0.00514427369442501,1.26993234987636,0.630346775633067,0.118209752109285,0.748939316506881,0.102753293839108,0.507780506067976,-0.378032124109181
-3.09765448974801,-0.714012784698976,-0.537040132986092,0.297582634761984,0.15582928293212,0.0705154461202765,1.51135761707289,0.14430044131924,1.81349300734419,-0.485826902462697
1.59865029419022,-0.740755067388722,0.503697253827209,0.968104349024325,0.728962574431064,0.966040256921872,0.332767884660861,1.04449732780738,0.861075410757802,0.136252837980451
-12.5910020200044,0.254251134789094,0.646768128793029,0.3601104568851,0.527632368224997,0.166714438690392,-0.988698956397873,-2.15535744418881,-1.37989598592307,-1.03879672924115
0.885632554663526,-0.280797922830882,-0.404326477845569,0.359304582392604,-0.107043661210177,-0.950097420805317,1.48770028872749,0.528152647837428,1.07162117182663,-0.169065422813909
-11.3264453206457,0.00109603556466416,0.372062766523085,-0.374659146143395,-0.0405740315934576,-0.587348228531754,-1.38358747536944,-1.53965405178837,-1.22491972317985,0.0739289424311517
12.7600132208913,0.316590602179459,-0.380189706305747,-0.8483592746358,-0.0742138215964881,0.270092681369794,0.40006165998131,1.72214571788236,1.80375123790386,0.140398686721642
-20.8413877352326,-0.676961303448919,-0.72408916300009,0.466537280738444,0.713501516491093,0.732963029512042,-2.01530658839531,-2.55572593586607,-2.04148921511918,-0.475703686614083
-1.53361912819882,0.760572739785002,-0.44981333117238,-1.34854837280143,-1.0602975983238,-0.64008403567504,-1.24433406126781,-0.866331581766468,-0.453868744925354,-0.613226554143641
-11.7379365701931,0.00371615331125997,-0.0804856391709635,0.242140306743471,0.553160526586071,0.727553983513075,-2.47659790972535,-1.96669529780426,-3.00141884839691,-0.871865121656559
16.3018409255995,0.277313847991697,0.86428904454121,0.853613368709697,0.491553550802098,0.781262034753553,2.54319268354697,2.1282723317198,1.53357416926015,-1.09450578491202
-0.151192651266629,-0.0527373976582347,-0.151220179309012,-1.2472932783892,-1.39434773807694,-1.41982082676286,0.240173375957767,0.058823361797125,0.0818170155774298,-0.0233320643255321
0.637726050010144,-0.27622676185787,-0.67862609550045,0.00412414378630596,0.256336944243701,0.447063224005147,0.842737128260417,0.636093456973135,1.25842073217272,-0.311447342154734
-11.5917814067467,0.341828166239746,0.630270739974039,-0.57696880638284,-0.00576237626697278,0.238698136900533,-2.91022367152136,-2.16648447749389,-2.61693517078634,-0.480343504898995
8.76100623233777,-0.0915620169447323,0.132050951675185,0.366075597396391,0.148374817216135,-0.935589115854182,0.968867074996815,1.71427727383329,0.952368237714175,0.823850017689635
0.301074659392923,-0.294140678207206,1.03825442228584,-0.242047440426338,-0.838176625319079,-0.595719163004418,-0.0840633188758253,0.33549323890219,0.020496453029212,0.416758488573669
11.1642373773921,-0.128735343444282,-0.304382626142147,-0.508982390400568,-0.302680239468205,-0.201136239838536,2.34521737152597,1.88866786004704,2.14324246767883,-0.933741507582459
8.32389065848877,0.0401867679518662,-0.690118422167487,0.0264111917229874,0.0780427979086374,0.727548850301701,1.64173376202824,1.34629198155894,0.501345312721033,-0.294241436394893
19.5547530311368,0.211025830047999,-0.0452166164018615,-0.389572560411464,-0.251776511130479,0.0196572200412387,1.99453658160616,3.09512005444196,2.37568360647819,-0.627819753328206
10.7862588333328,0.260535421791438,0.207543216238712,0.538740400956346,-0.24930378235769,-0.334205159342637,0.623762921316828,1.38300116420599,0.826314635154076,0.00940741332290434
-1.55190721201206,0.473692079330586,0.558608978229688,0.199891549266146,0.00241432889651199,0.0785435303509129,0.715000439802042,-0.559276088899941,0.599219491546873,1.31164766221868
15.9207995236038,-0.271498914530744,-0.161493077932557,0.0953407686752502,0.427509960100603,0.835211922446583,1.83983029951553,2.69503033572634,1.48498353477351,-0.845282642186963
0.284608067784396,-0.399638619583281,0.0716142351841173,0.259154577965639,0.547757646508241,0.642901829625329,0.360687021464108,0.531302518502467,0.910707832097293,-0.0962999238440656
5.61034630154909,-0.687841680927027,0.644859753168795,-0.339710383547905,-0.0750504350178881,0.0578789131375676,2.2125095919071,1.63494835996303,1.73978671168146,-0.652582179615376
4.9065276389316,-0.0241230589824969,0.510234740365488,-0.140221597141553,-0.861798801472862,0.231821632953632,0.37400270551463,0.635434384195552,0.691346207098445,-0.972923392174139
-21.0233625167726,-0.558446455535197,0.0236386835486498,0.796811788517531,0.868249714840197,0.133568620285052,-3.120967669712,-2.88712109887243,-3.58657217339031,0.155721677791734
-2.53105836290646,-0.0912324052015966,0.840548777358788,-0.688943757144131,-0.494167375765911,-0.739878142806671,0.175839383399672,-0.0827508595215561,-0.0653745235585536,-0.198738282540703
-7.50519997611637,0.241891120730029,-0.427189585737989,-1.37258077329722,-0.545014023462279,-0.541406171857606,-2.52557634346996,-1.12718104475761,-1.30973524418885,-1.46146297919341
4.59703016059299,0.433907596210219,0.0107006559780654,-0.29688587710735,0.265407095911954,0.377003093078739,0.324653945120272,0.360460097094966,0.256113376975776,-0.340100227051452
6.30031676977556,0.00150515814754455,0.844060566393384,0.375973760279043,0.527564688569723,0.0529446289787203,0.990003760673873,1.01357264793859,0.101721933528894,0.836553176518289
4.56269063326672,0.0377347211593231,-0.210343093973057,-0.530791342928818,-0.604035282209671,-0.893488295871619,0.633178408091483,0.847342413423965,-0.000322288065161677,1.53471650701439
12.2576662164616,-0.192379348368059,-0.112121257415077,-0.0253791072227759,0.611613137550021,0.529762809817231,2.31866721978311,2.23981375847362,1.99019355331491,0.128802073734383
9.704279256982,0.295799195282275,-0.0456370111952935,-0.371803400732487,-0.150667543418002,0.040331209517189,1.79387903489494,1.23108950371681,1.23174676419545,0.404320388133116
-8.77140316824437,-0.105812603954408,-0.29157471064589,0.225276099688113,0.516367672376041,0.484908451669534,-1.85430255561796,-1.45323108513201,-2.63862014367862,0.222723578910631
10.0981742091233,-0.0973306537760531,-0.361454440693062,-0.273060201003056,-0.316117403191896,0.135955878161341,1.06693711578564,1.65159447374344,0.214348514104859,-0.142623391874179
-10.5981340901128,-1.21039897562947,-0.657010464648341,-0.346795828722881,0.0995945234034022,-0.256445849526648,0.692837002131228,-0.475474431478826,0.946086464044259,0.0184454025489415
-2.28784784490588,0.151277277120289,1.10899631297224,0.675235455516199,0.0748094351497084,0.078451285556012,-0.332310118186915,-0.726554038308389,0.745037806903559,0.0780207953961129
-7.24633002638005,-0.689828850068034,-0.441144469257183,-0.183945961503692,0.00981808181670129,0.186707878930141,-0.413253163860907,-0.510381321252855,0.151689395757112,-0.350298858475721
-7.48436053541593,0.0512936564014834,0.631736610570803,-0.111954878138978,-0.133034649925665,0.0122856828743421,-1.51805172861703,-1.45063893549207,-0.816487906880604,-0.618703025650361
-4.36600743900794,0.349230633353277,-0.34091054038023,0.204491973827908,-0.231924915315804,-0.429327139242567,-0.871274588315138,-1.10059918052367,-1.46101565567624,0.405597738731173
1.17450905871456,-0.436863389899984,-0.0608833149070888,0.413923937862135,0.566156025989746,0.59862745474783,0.575511276772977,0.71658454809721,1.01938786376965,-0.271081201200659
-5.67219766978294,-1.02916440387368,-0.626136819054732,0.379184409328937,0.662521958556057,0.467817745832103,-0.333102735811979,-0.0118780442077265,-0.0857588957603393,-0.118773789877359
19.5951145262862,0.0315271827867745,-0.354207345203826,0.0211350977522976,-0.307449208466317,-0.791251615197939,2.75325601936119,3.06105746016118,1.36225453072797,0.0753841676298931
-17.183412872947,0.596490552015208,0.317037177928478,-0.732936067817073,-0.712419429858616,-0.10585284049495,-3.1316096267531,-3.41418269749685,-2.49132505177509,-0.0635835029682511
-14.9030443125827,0.0453964492250932,-0.315980902833864,-0.216290630214177,-0.377868240885773,-0.147244072980468,-2.84842522613237,-2.43659841201611,-3.63616841449165,-0.702544537813587
9.86990459738345,-0.119337392865979,-0.433886181580439,-0.781083280736899,-0.354282063773187,0.0123645402844264,1.89878071289321,1.69881839613751,2.70742925763644,0.21160330103755
0.601738664380028,0.293737248504246,0.193112816011016,-0.215027416259126,-0.416721451716603,-0.477641072232367,-0.640209022446797,-0.424898452625362,-0.55199325930783,0.235846960949224
-2.49415688566242,0.0774235961383336,-0.0735562377823163,0.297390981638109,-0.275115051337976,-0.296496827681244,-0.394604946621749,-0.561711365263039,-0.626447036203467,0.402968021775815
16.9556240749767,0.403440224217957,-0.459915305775338,0.199622421892516,0.067807815673058,0.139252142305389,2.68719050155815,2.43792332051867,3.07543063671696,0.972921935721682
0.975489971478432,0.0568046836039114,-0.0396647146173062,0.119225986434796,-0.0875845504925836,0.0654958539024491,-0.620776164278323,0.100156529104993,-1.54124490468576,-0.942198309464469
0.800665849503688,-0.245671241723477,0.137682830750174,0.36899864479417,-0.111566908562864,-0.297941588853895,1.65932745322551,0.512221886414771,1.48885705142568,0.206002049711903
-4.52083864562141,-0.0214252668763949,0.44954420587761,0.955332068165334,0.917160931959566,0.601326647559836,0.16792868880289,-0.557142523214023,0.578881535535159,0.0238259177020316
7.30140459860272,0.571646031980803,0.379752407918051,-0.141885123617289,-0.130261344666621,-0.521835529163895,1.38053230444665,0.57640110411743,2.11195125369272,-0.68316976809051
-1.70909544131244,-0.137795429385887,0.234350056976406,-0.780985095222811,-0.0560596830827033,0.349554321993305,-0.627719752771915,-0.315399762572784,-0.581090610096484,-0.281943251718827
-15.2683687044647,0.0721823659557889,0.00311762959827542,-0.123792877278217,0.26520605106302,0.510826598621765,-2.58246373730074,-2.58746488209391,-1.87763228308237,-0.742099521969222
1.28273200832635,0.648741273734276,0.328392613926707,-0.595428179222856,-0.838417450488489,-0.663859596621312,-1.21876441890993,-0.243345813138669,-1.35455695467848,-0.247007073911177
-14.1984832386249,0.114223420241037,0.158944408277681,-0.942677126636941,-1.21941338353536,-1.04651625757544,-2.31659659359576,-2.35236687012193,-1.6562298718607,-0.239020196330319
16.0112950614005,0.320381126587958,0.694927192575161,0.540894805649648,0.23063115296968,-0.208586863991214,1.21556720931284,2.13110556116846,0.758083950865414,-0.349748250333635
4.33737819701949,-0.369263472454235,0.0638948691841996,0.912799472018897,0.166163988680125,0.184200801731821,2.14875494617918,0.901209650558259,1.02215846545396,-1.03621013983449
2.1807601050017,0.0923015672855719,-0.102593724358592,0.0724142750510983,0.196449552027602,0.406779288695974,0.553926376123934,0.629573269578236,0.855221287663672,-0.883278093822962
11.8263614677083,-0.582459327073976,-0.943810700281095,-0.858735874611756,-0.36178420151828,0.374031075827407,2.21805260723906,2.40053007143031,3.15726783001071,0.782241549039161
13.6079079498678,0.317301130362936,-0.0449454548778809,-0.0693130296279188,-0.254883922894516,-0.761440308574525,2.08436205207853,2.02005335031528,0.658539850462682,-0.686078550772969
-3.16465110776837,0.654812698306737,-0.858950588268451,-0.478918935799972,-0.240301206760205,-0.0451380674752538,-1.16438167407759,-0.950172181788096,-0.748699029616915,0.0986360017866749
-2.06173004148009,0.152298469053801,0.0701270172387537,0.315636060756412,0.651413076505922,1.23409782322149,-0.918284561293201,-0.285000453236823,-0.605477214879192,-0.653959846275246
7.56070798896794,0.458846026737772,-0.448998101081669,-0.697450531738855,-0.374404727873504,0.0956324472589547,-0.460643158909288,0.769322365143899,0.706833905356163,-0.587477811649649
14.1568197804187,0.199702268430687,1.05915435391289,0.443290280497931,0.398169311402641,0.723585570745465,2.74926942485012,2.34294156536716,2.97262676168258,0.868600015225889
4.57765526540123,-0.0543100363650585,-0.343811099711859,-0.027196556630279,0.141564018611871,-0.0111671703855564,1.09205910916502,0.851475708521396,0.655562306998311,-0.577497191568914
2.30170652888557,-0.236516924353827,-0.484098703203336,-0.253251934428199,-0.0788520570482819,-0.103863762921927,0.231244356147004,0.837520873732088,1.0029297019411,-0.379920898792613
11.901391484484,-0.185090668500888,0.607496546660296,0.586013567374202,1.0118384003346,0.845654575128795,2.19630883382886,2.07484338282372,1.7132891225801,0.218696539872531
2.90295583267627,-0.344086773780108,0.0641626030207739,0.165526493750943,0.410924759599291,0.0376231900788422,2.01323831448229,1.14094777624217,1.54585428600144,-0.0243298324246715
18.8984263201836,0.650882833215298,-0.113649095692041,-0.192590541039627,-0.245262778779841,-0.761218457738646,2.87813096620527,2.58716011657691,2.08156551078427,0.243493867940247
-2.98950812535951,-0.594255383804839,-0.157348147769695,0.680624831855404,0.337275431436589,0.174837369381997,1.57286969835159,0.171606755979309,1.52631270362611,0.299963193195464
-4.36167149427128,-0.74540317894356,-0.53474882636005,0.520593107240644,0.00789197209264832,0.264636881688218,-0.455878271236466,-0.0118182982132327,-0.776766062514382,-0.743173315417078
8.06624729379053,0.579003549775629,-0.237829235447044,0.2676964938805,0.29393738212055,0.0619650730472576,0.345247592171545,0.994893608019122,0.424391320710319,-0.154954984571251
11.7256013566121,0.188286226721233,-0.269976351665448,-0.37373983872724,0.40933391948087,0.358152211729029,2.22551589337906,1.90322020556722,1.2449872532985,2.0601694574249
4.96327199571946,-0.0614852633250998,0.661380186914226,-0.488732484113474,-0.616277144593261,-0.340824654146899,1.25965665860891,0.927812889668074,1.64510226727588,-0.225183204632906
-0.866142133764133,0.348405093452243,0.456639228835601,0.116135173220581,0.530003249103661,0.65650227472306,-1.05711547891791,-0.274142285821139,-0.208297940423117,-0.65341593582321
7.58358079945511,-0.42448679846851,0.126680604804644,0.152684456108378,-0.290356783834527,-0.862208798894268,1.88545814941558,1.53451483305056,1.38326923140836,0.600677965830999
14.1305678764791,0.110305522976875,0.0832918414153987,-0.522857754883866,-0.743327229862533,-0.900208388074653,2.99108357642881,2.32111846256698,3.26684559359495,0.205737515592919
-9.81469625283468,0.163951097906369,0.187572426455642,-0.192596184887531,-0.0968065161831698,0.0342286530487703,-3.14210241299928,-1.69747464548211,-2.59286510826524,-1.64541603797604
6.76400718905783,0.184813793371825,-0.251331482381639,-0.603563945509706,-0.5404909618621,-0.0481247531797351,0.518166220325246,0.694479663496816,0.747139000891879,0.270247366222688
0.713202623492775,0.244908827490683,1.12465558567599,0.00623273659387816,-0.129278012504454,-0.0721681034276269,0.135655990930277,-0.141466420081494,-0.979177803431995,-0.724187633160087
1.2944270487258,0.524388310144503,-0.234515384522238,0.111025976471958,0.481325219390925,1.02046481009424,-1.18266313021203,-0.181260129822699,-0.941054069056306,-0.539285027370063
4.68620551158117,-0.301672777780316,-0.171667322526727,-0.148647172708782,-0.561954388949688,-0.408589612481373,1.37122135835718,1.12931645827583,1.34602208130251,0.428851458908707
3.48003859621328,0.684514905928729,0.430023400427647,-0.353263453532507,0.138971486638031,0.348973770460404,0.0247183904993002,0.0378170183973602,0.544885945256815,-0.0292006680111265
5.62669317055462,0.207476329489721,0.0349229393640655,-0.0742674185294219,0.564079857321467,0.395824676448314,1.66307466038312,0.611761185986547,0.996877333408346,1.00836749452695
-10.7796916465078,-0.333560170900547,0.634276100555447,-0.0440628026716367,0.502496803123956,0.597329435359534,-1.21770446117189,-1.3468923716934,-0.787414612066802,-1.84368305946708
-3.74743751140757,-0.256268321119033,-1.0739052838527,-0.690861686378303,-0.438641069360506,0.0830463756936571,-0.605342377469388,-0.351111050597681,0.101770228625909,-0.137354575925193
2.82703661488046,0.422279995533417,0.702608330106251,-0.0421447090735491,-0.294830506556318,-0.693676878161723,-0.666000841807848,-0.0554323164364488,-1.64580868233671,0.375657758731547
17.7530201213263,-0.224194015227686,-0.00700877707975504,0.561861389442713,0.320181451379351,0.175882833461999,3.74813043835776,3.08100220934124,3.61568505874786,0.510750757806009
9.43939003159701,-0.330153704600578,-0.184788731366191,-0.131278653184512,-0.51405585678134,-0.849974416948536,2.02229636063403,1.8128302114602,1.32353394170326,2.01190022918339
-13.2290299529898,0.168576330988344,-0.231504794943599,0.306296732842697,0.317270281107112,0.713039751053883,-2.81606140860034,-2.44825502451121,-2.89149120794503,-0.491438129872516
-1.63419743751664,-0.325915970551665,-0.654817084000026,0.299060702287338,0.556769355962901,0.0611267238743479,-0.114452305070915,0.159329107818584,-0.57374653373171,-0.736338230237153
4.30883257423582,-0.515367834356138,-0.511122901405145,0.274352306075132,0.212226377173503,0.205410556403998,1.25096705194463,1.05381536394068,1.24432857087845,-0.822644472965089
-1.17042757000858,0.0119431266415894,-0.136147960959079,0.0835598712347009,0.117218020792147,0.00474340273135988,-0.505429400451195,-0.471852336047018,0.222360291306105,-1.52365972277853
-13.1714986811278,-0.510555972931235,0.00792748842724477,0.339859410684552,0.165023045572319,-0.232658971526144,-1.34739880976702,-1.66997233694275,-0.911088632742842,-0.0798534428993238
-2.94081793715583,-0.12060720639869,0.505374262331361,0.493798032779078,0.863249045254332,0.457228188350289,-0.0070038153030896,-0.200065120777626,-0.342523100969737,-0.501279286255851
-4.78945177640282,-0.243672278477849,0.0879124030575936,0.254020546977663,0.331926769239016,0.49938584628253,-1.11032636007531,-0.586769846343518,-2.32022870596195,-0.00863871975305452
-19.9395668468026,-0.0332663046790972,1.00730943080244,-0.0104638248275073,0.282243565312618,-0.289826925660526,-2.35944067138842,-3.28915915698204,-2.53988505919691,-0.189136651093532
11.6484751449019,-0.252536913436692,0.568646358518189,0.0942038303689535,-0.0760782578143379,-0.57478482125901,3.04592801207588,2.20339089522467,2.36496878896878,0.545967525086229
14.0505996910898,-0.266768438830501,-0.104724403992442,-0.32441301686136,0.647400729184664,0.87724837155774,2.22706414473199,2.94125102895789,1.3722366786144,-0.182761406487561
-9.1525588432824,-0.1217130478736,-0.855502173928136,-0.418143394327072,-0.140401417927724,0.109341976650516,-2.4114961652613,-1.59959320602599,-1.05998393998655,-0.594733925029886
12.8499098202399,0.406327938446974,-0.682144539473586,-0.957288557073308,-0.0151913179326456,-0.18197053890764,1.35205602071038,1.63675598592902,0.880907700752246,-0.078726772362767
2.74044254188672,0.263570032872659,-0.333065361984023,0.140788214703167,-0.214228702191433,-0.508465356988008,0.599931340536114,0.0942998744209644,0.351607096665189,-0.625829145783895
7.41928174320686,0.02456194970142,0.536565249543897,0.691347669818452,0.588481384360794,0.0458318704293162,1.49954049364459,1.18737984492776,1.45325398550895,0.360686575937155
-7.76066124241313,-0.682484040480626,0.556719792406767,1.1670963135502,0.647098695394347,0.216782561904838,0.862744910572824,-0.828916173732993,-0.0356545348148264,0.76691584970959
-11.7556733334978,-0.0885293808566757,-0.346500970207992,0.119842997864447,-0.230594139361623,0.202574537505178,-0.502744914849094,-1.6389396381816,-0.266108639408705,0.829476404990752
-5.90895993244571,-0.574678700194113,-0.528956880116583,0.209081089637926,0.184236308805107,-0.282221406695418,-0.293602188003325,-0.671184376685453,-0.287790681355239,0.767340501500607
19.1702902112061,0.358392557020403,0.972956004399553,-0.839863934575889,-0.515513478211169,-0.537839927105583,3.84706027350478,2.86846432951711,3.83023311918769,1.53339191120948
-11.4423422864873,-0.951543893479943,-0.851714522226383,-0.364642586619274,-0.317577231364012,-0.404605234799077,-0.866373855454168,-1.04859214766347,-0.568208027268565,-0.0289262644922091
-2.66704195329992,-0.0907664468353998,0.88902718185832,0.54077494563647,0.136048048574484,0.0358476459288239,0.345999156191324,-0.358238747987151,0.747484586436729,1.17936825518761
-10.4699794369641,-0.924483680262432,-0.529424726543073,0.154202846996852,0.342728705281455,0.0598383545094374,0.783439426888031,-0.567226257734418,-0.259045601750592,0.489620496722435
-1.02293567922295,0.478057215802558,-0.387113964939063,-0.721210128104467,-0.734092269997717,-0.718163939017345,0.0647768630021795,-0.762942783941446,-0.568040830206741,0.554025444240545
-15.3182269127605,-0.232749135989498,-0.0234097701672343,0.631043884921129,0.540331876869657,0.357871391827607,-2.11183251724692,-2.52391100562432,-1.70041408819038,0.0728543473818834
9.16922543969559,0.21025603899611,-0.236997106829779,0.497665672774546,0.554252020753662,0.561895243419662,1.96228162133474,1.5933069186439,1.27094837896004,-0.0680498948459994
7.71774752633813,0.242763293462439,0.872394634030007,-0.838007130851887,-0.277979553780585,-0.0658958959749538,1.25033052243111,1.05752481735256,0.826276662655122,0.727087890918442
5.25560799256533,0.0744696601023544,0.954398895696423,0.488452522209471,0.368038625130546,0.445564992434744,0.841390362937713,0.935932796969972,0.440912245235369,0.741795576002106
17.9829765802624,0.637063439844339,-0.0874685322407192,-1.11931719856178,-0.854990548965524,-0.103608825110977,0.921493662025785,2.19560767997929,1.76056602998003,-0.346104555204682
23.4312483030623,0.138652581708673,0.338305458458304,1.24627145058596,0.794143693957309,-0.163904039727459,3.24132618830628,3.42172940101251,2.01210676827381,0.279700510714172
-8.78881845287401,-0.115773386438858,-0.959813373362661,0.204932801224817,-0.14992944995887,-0.136943755604233,-0.521489050656527,-0.945498607367616,-0.226063498681042,-0.357843491093797
-17.8749845205585,0.0382471466508611,0.882858051791689,-0.0460737829285425,-0.331388370083945,-0.208928745604487,-2.38648188834494,-3.00315266973166,-2.10368377741408,-0.233739488630884
-10.1998197289928,-0.372057189553793,-0.639078830676467,-0.693735641227017,-0.506389221441783,-0.689577223397388,-1.26331952622299,-0.825004238010665,-1.10778181179009,0.607886860307877
-20.0141027096376,-0.320362011543681,-0.644186222147892,-1.20929773573616,-0.581173717065008,-0.0729488997763624,-3.44643311282759,-2.78828244539418,-3.223810133594,-0.775504970696181
-17.0387110841986,-0.691030307456533,0.755962176220345,0.448419848272365,0.042842766096554,-1.02095951956954,-0.961287264627368,-1.86372744021746,-1.36077090386169,0.0745617029718849
0.733191486383874,0.219924391773891,0.514483772665258,-0.294556747306112,-0.0067605097777776,0.31423606080819,0.20718042828183,-0.150276870427048,0.882712119400999,1.0086991139049
5.50224561630713,0.268722142012816,-0.611887505448841,-0.328061697509344,-0.104693219397769,-0.222750595623534,1.5418816139559,0.606331450235198,0.530146361033297,0.260124378879533
18.1353699727344,0.0866617659717787,-0.825201462051407,-0.712407563413626,-1.28513226230641,-0.713514305916851,1.88097402576263,2.55744760083042,1.90294935417707,0.648537820926574
8.05161591767445,-0.03003565637139,0.0940112343319985,-0.625156840357918,-0.639147477761914,-0.370077076718254,-0.11854186867844,1.51311418704071,-0.758844225650089,0.625008071209376
-1.41186948060876,-0.497817443894534,-0.630268942433424,-0.221853225601614,0.0318185061957119,0.132024545701206,0.066355528521836,0.393649762904743,1.03281407100707,-1.04261992386404
8.06962770269274,0.347130507788217,0.12462323707678,0.0341539388703625,-0.117862787948248,-0.0139401200590586,0.252322416943708,1.12407620220053,-0.488730762340395,0.449510266179131
7.46967656734101,0.0782968976219345,1.3297086060074,0.281262171513053,-0.390246853228226,-0.476738075317887,0.267816877341796,1.29637158862507,-0.695748133932035,1.38911764245546
-5.37231785554507,0.0551347463042427,0.324409994734497,0.644159834784789,0.768253215044742,0.80293257881643,-0.098088846013545,-1.04904587659281,0.02901556306572,-0.0322487794620525
-0.189633212437222,-0.18095570565381,0.393747396677254,0.0470700425701941,0.166725318683647,0.631241394660777,-0.29744004845278,-0.228463123409706,-1.43695358020735,-1.30516061981229
10.8268211656126,-0.0176998566482982,0.597409965743562,-0.370700722193794,0.0635153505104649,0.109954984122165,1.7824531854717,1.80155452729481,1.81197492990008,0.962432602554682
12.6208251258505,0.634201999506734,0.0359887737810415,-0.338066842351971,-0.0801139545019434,0.0147455443853427,1.54784628592338,1.26832095615798,2.32343478593491,-0.674445555955975
2.881896251232,0.899725508763079,-0.508458958052847,0.91565727821409,0.511406136340962,0.193509073049647,-0.386088355188505,-0.501626744678623,0.195523226111142,-0.411011845271856
-10.858063971892,0.310682878887248,0.70183681263238,-0.579310200949931,-0.0467290678018951,-0.482380384970399,-1.22113910903372,-2.02939954317452,-0.875748861422427,-0.0922150633625549
-14.9457749029741,-0.0545980462539939,-0.489467343432657,-0.0729431208701745,0.453928483653382,0.550044651680101,-2.91054538677373,-2.45018346796505,-3.26044530273984,-0.85484018077529
10.9525013308538,0.325105707601518,-0.199494630779256,0.0707463367164619,0.200228748165724,0.474028904737164,1.41920121010243,1.61721696775676,1.3300630088853,-0.295475092461795
-2.46521849931909,0.060624276903073,0.877638331724847,-0.0749552885938421,-0.415231027294501,-0.645108479014469,-0.303803281679459,-0.423918875702653,-0.103076845908938,-0.363519335457011
0.247889649747334,0.274704729017534,0.492563146163842,-0.236723799337489,-0.388343260469665,-0.551437108818498,0.680896521446585,-0.516522220021942,0.853261068426196,0.437831401614736
7.94604161603579,-0.170065591248809,-0.462733864761677,-0.364440600350749,-0.629477720770646,-0.240624283063733,0.998628597025308,1.36732616028632,0.646072023752313,0.240537325325557
4.25216333763183,-0.722602407163078,-0.0999859319423539,-0.258625003357371,0.211195006882846,0.165309326322452,1.6913713626495,1.12391221086259,1.93937484233186,-1.23829138700318
14.7780024568287,-0.297807107066001,-0.783201409081716,-0.0739303085965284,0.0343158433778098,-0.493965399359134,2.40393221961119,2.49219677543842,1.13557158514723,0.75882003347204
-6.88964536755568,0.43105231905738,0.701174578472883,-0.372318609682815,-0.1988212811343,0.150238426837877,-2.14456737998831,-1.64993900940537,-3.01843186541112,0.644843702174889
14.9441456852521,0.120647222030905,0.138773886072342,0.198629892454913,0.196979567687795,0.126246805313073,2.92107780631366,2.51360227777116,2.53103670721896,0.487881089806931
-15.0907868700358,0.138944781242408,0.0990947404554524,-0.123222182012509,0.193031499979943,0.243231636391066,-3.05938193180724,-2.43282407305792,-3.84742171954513,-0.104999895207261
16.1240273557736,0.775588467168706,0.610157003738123,-1.01787656226482,-0.799978161460677,-0.660272336844341,1.62609373029947,1.94975160331815,2.11993721566552,1.18265354136783
-3.68456890068969,-0.371012571577644,0.10720272100398,-0.129155054662977,-0.0692044071299343,-0.494407762912023,-0.565057525766923,-0.069722363759718,-0.0292047011679793,-0.334325344800977
16.6413625127477,-0.413617608108334,-0.495354995874577,-0.418888664497526,-0.321176961025317,-0.573961101075302,3.64530245433408,3.2979830004116,3.53446937446125,0.101266015674956
0.62925201593167,0.0790725148857739,-0.696629106580937,-0.655450110843124,-0.531463792078875,-0.578213172574171,0.710920996852026,0.0273533808307586,1.64620840408984,0.350475520421678
20.9658869489665,-0.035782777266085,-1.24849614778465,0.00925188252468662,-0.210211273361308,-0.374074846037927,2.76387305239094,3.31292811168164,2.72766361926301,0.52806780461733
-1.72846324121539,-0.0380231699057056,0.00329914911036243,0.315059990540445,-0.211913502351886,-0.519174631694998,-0.277909681559796,-0.230984045356338,0.437719231178828,-0.245715361103607
-7.86569101098189,-0.380198836818088,0.309865007090613,0.248763750100855,0.179317062604786,0.614275528965589,-0.397349036736296,-0.952407050064167,0.0343860756123,0.0178550557595721
-1.42603618485924,-0.119844024343301,-0.677705180765172,-0.945686533172734,-0.843442095049367,-0.234166298329667,-0.649009380682105,-0.0395573921423793,1.35722314596449,0.292281890667069
-1.82352551414318,-0.06218179739478,0.297345115049669,0.531511362197677,0.803353336938249,0.567016835768845,-0.969703744693196,-0.519368024226728,-1.13639714058289,0.346911823389731
6.89741969749322,-0.00304996303562356,-0.954598307203065,0.100329795014507,-0.0700763438570322,-0.240604092983832,1.542593993773,1.0441521150272,1.68287613398623,0.406062286278388
-0.0210125731288766,0.399530013303882,-0.17439161120016,0.66284449850056,0.698515686913254,0.940457837277947,-0.55272503246866,-0.361425401690652,-1.25310340147273,-1.5018027200288
7.27011705757698,-0.106197229646432,-0.291145047935599,-1.01575656119269,-0.255314491968668,-0.325235197865634,0.773763611763039,1.23588472147582,0.734905800012221,0.202254358975497
11.7156393131075,-0.471897358407637,-0.47593196079604,0.460901753230799,0.204761188968153,0.201088159448077,1.22369476483149,2.18068522854013,1.17829687108932,-0.575940604237658
-4.66146215052487,-0.0132223579179245,-0.201388038030107,0.0785976054491088,-0.160205239605789,-0.33539669367566,-0.508958023593489,-1.15529392922112,-0.711999234066659,-0.389030460167629
0.825826042557197,-0.449718662333539,0.708810329937903,0.470105567457599,-0.264105532351584,0.00178835050122503,0.623051520583365,0.798301298507665,0.847983082307735,1.80796213322237
3.62832879453586,0.446821792071485,0.192155597202194,0.23544556521176,0.355232420132958,0.848431495118614,0.0787858404601778,-0.0767793179651597,-0.144069728446824,-0.332687518022124
-11.83516541188,0.119124644433569,-0.006913618078605,0.189883255697768,-0.210214781053437,0.155316882863552,-2.06917930116971,-2.01457930101703,-1.2019149792863,-0.56776382211395
6.12430072234712,0.108523943074747,-0.194632795177936,0.318135668782598,-0.124940058170475,0.067189967234631,0.369062285041545,0.994338343996602,0.413112719523255,0.607326214976755
0.400269794929791,-0.282917408988848,-0.727672424104748,-0.319498570454192,-0.0290207108831534,0.136487532090809,1.01685482563141,0.421530723511628,2.25670229259993,0.568577080424178
1.17462044692449,-0.033947417335707,-0.178062334207716,0.463461374515118,0.738803463933791,0.894212703357923,0.810291710098341,0.394358915397419,0.188217292466636,0.170145235781307
-4.28170265620789,0.485018351429744,-0.159804575652181,-0.340257899569348,-0.376266076649108,0.119211512481611,-0.78070784277732,-1.29990161615647,0.0357932006460831,1.15175743554607
-5.91791800542159,0.318963235205025,0.678792065867244,0.433583596123171,0.606495106459099,0.597377985087711,-0.457778562583748,-1.19675398726114,-1.25341199720857,-0.426036364540061
0.176053412350768,-0.170557198137515,-0.0917786251186362,-0.288534981604098,-0.136251931062509,0.0364332781465024,0.621566625052112,0.200721666614196,1.47303348500816,0.0757528779850792
-1.23115204356405,0.4422030425411,0.300151650015655,-0.308642859019445,-0.286059023720957,-0.692594511097645,-0.304033136978399,-0.533813004395144,-1.35272828510446,-0.00649414581372621
-12.5521741392675,-0.547835492838977,-0.0794835166710226,-0.556321240407082,-0.699506456530922,-0.542022835085334,-1.35370121679957,-1.29712361254908,-0.729680419483626,0.810700206606249
1.11944491818644,-0.180021816548586,-0.0237194354183523,0.559773290241765,0.292156606226852,0.402067836080557,0.496249486176683,0.143306478096256,0.36462249980295,1.00980456490672
18.0819102851074,-0.131301260310665,-0.425639893999806,-0.100230435666743,0.191139318347794,0.602790082174434,2.00906250761304,3.07586938235247,2.00116376836707,-0.116606724809045
-4.23888889486414,-0.390517464554747,-0.735953942456602,-0.149303960956047,0.0557376029585845,0.184869079746301,0.283566196821344,-0.711174610582953,0.971229696136104,-0.186779734438491
-4.61259650575223,-0.139378350665912,0.175064063179025,0.511575415335021,-0.0834075114998978,-0.0196446697337588,-0.558589346808637,-0.453781384050576,-1.19040740603861,-0.113755677756777
6.8682445600815,0.11094316542438,-0.650321983179816,-0.708879218215004,-0.871455184101917,-0.513502231882358,0.153654860420745,0.947909694308164,0.885676057867759,0.0354029357516332
-10.1540954449007,-0.481769114923567,-0.931223650850989,0.551956348397325,0.707844479146555,0.276422458118887,-0.916586926938082,-0.84240383267276,-1.08124391160618,0.715932509345721
-11.8254640462205,-0.430519386034693,-0.334773628322036,-0.237086660979041,-0.148151231071832,-0.242396286851074,-1.36092857063814,-1.44579394214776,-0.916746541941831,1.25886237977079
-5.05520316154278,-0.16733641362101,-0.213449203458302,0.848165119948869,0.734890176147665,0.556930647300144,-0.789225493271471,-0.497207216059131,-1.14688825955618,-0.153665137792921
-5.21906295153887,-0.0243141121036067,1.02324882832494,0.261459879491341,0.582416899327316,0.404590141171519,-0.686773201789451,-0.966191518810167,0.229539313790985,0.364917652158203
-5.26449021686065,0.353464524556053,0.745195984666214,1.25753007204858,0.965791524159505,0.416413508496491,-0.229952048566645,-1.07322617565259,0.694693259634843,-0.53244115444386
-18.0808267628795,-0.168827662107515,0.325028128906162,1.16944768470352,0.880039085686039,0.986316953927717,-3.20505705776895,-2.73433927131669,-1.81957664768312,-0.198728415445542
15.1665270296228,-0.240163895866141,-0.182717819196635,0.825695443332739,0.185908070979402,0.0138998223533712,2.49510757258079,2.63445071797869,2.71060994522706,0.476247583056801
13.7212236273108,0.353723700164493,-0.904193263759275,-0.797021125209058,-1.01283795649851,-0.763648372975393,1.32766593149298,1.93399990075881,2.00139675966222,1.25753502763774
6.77960630498326,0.1451802137919,-0.180829469297583,-0.871443526504884,0.225675561290616,0.574244744025414,1.17868336613405,1.0521989378038,1.06631879149457,-0.146879145265387
-9.73072045515286,-0.0482283399314128,-0.0606043626567948,0.341351912680558,0.590089154993886,0.27981754738658,-1.18943308718438,-1.52922303762755,-1.19277846106322,-0.765493748012524
-14.3134953170456,0.357371165076706,0.347937422507255,-0.15803608697186,-0.395741148823704,-0.257967583700562,-2.55903370563711,-2.70109679105216,-2.53995578197721,0.220615299764747
4.40820810295021,0.637298004509375,0.234013734514215,-0.464142460033154,-0.485869843897902,-0.0479661114036161,-0.40207976584877,0.140798399607483,-0.0842199060428841,-0.454992724750034
14.0337675973742,0.942483157292794,0.425625189962052,-0.133044965712574,-0.412926046621616,-0.214429866075499,1.13474895545633,1.51527444570977,0.6078783296343,0.855019933807096
6.77939356012824,-0.19193548889973,-0.826937358413087,0.16871423537078,0.511956345884397,0.856970746460249,1.0794625565328,1.32630302113374,0.964427375734621,0.123281621388981
2.51885083055776,-0.310399459419249,0.419517023387525,0.761124246388117,0.480546302348442,0.644148702576469,1.11374005367315,0.852568658257453,1.39127646656856,-0.194798027259026
8.75682834107377,0.205036430686767,-0.0269534447153854,1.13030309716723,0.56908188704478,0.432891653115157,1.29633504317182,1.30768124372977,0.708480536982599,-0.222461056756655
-4.26099111520895,-0.324825145368401,-0.233483359545058,0.848629266589509,0.911973504830877,0.120504389581287,-0.227660778237586,-0.404969290680932,-1.17676643067025,1.04451330936787
1.97220607932704,0.132078892827447,0.112400021324082,-1.20738835518233,-0.877157392386775,-0.899119448392531,0.0395148597206154,0.386638738987905,-0.0195040548528078,-0.676953800823665
12.5808989443838,-0.100024434521013,0.135899539272762,-0.572888236137397,-0.158296316188728,-0.398760417938273,1.98482207601772,2.26511547290867,2.35042602375786,0.00687212695055775
5.45267247692798,-0.641446984402918,0.126189234730068,0.135544769724719,0.118161178203063,0.567594103409319,1.68419442585763,1.78499130438213,1.07405684670227,0.668670652119077
-8.09583147595525,-0.261998307786935,-0.29680603542243,0.292172104516973,0.21556893376095,0.0655569978159087,0.110654524119721,-1.06334591657901,0.65620142012954,-0.189297849287139
10.9252615753217,-0.704437707461933,0.38381083908363,-0.0154428865526082,-0.620640932227264,-0.0592458587724449,2.88769875897017,2.48729398027812,2.55591953562815,0.500285521328739
-19.0261536583398,-0.387196742685146,0.657377779606606,0.75073838554552,0.923539623061343,1.15734142153799,-2.74727166958049,-2.88708935917937,-1.67001389423037,-0.685114157284047
-5.50949943186939,-0.0614027344515165,0.14786795898971,-0.41075746957444,0.0787285926909278,0.0899920748104603,-0.506641219561103,-0.915131193734652,0.0298561832121712,-0.0235785381737252
4.30707952813736,0.128884937898647,0.254372469891081,-0.317080347861528,0.0418406953518373,-0.514412235515618,0.675688451664847,0.514360173423322,-0.424568857065662,0.674309438455388
27.3633807449356,-0.221981242320644,0.265252564185039,-0.59443307092035,-0.0210615993636377,-0.208243360938996,3.94162436932321,4.76522070524183,3.11879042513497,0.393224605043215
-7.86552149819844,0.00282688638843465,0.121740781903341,-0.492200953902267,-0.116934784884683,-0.083318023797069,-0.966598391804078,-1.35034503925802,-1.05908243797221,-1.01840249358076
7.53867163624544,-0.482014335518276,-0.43220932853954,-0.0911667026967174,-1.14087132902922,-0.622843681624565,1.59853036685096,2.03852925141013,1.07927382825572,-0.121578520516538
-0.214128325895863,0.564755389642063,0.0500421904346415,0.657144279464475,0.64617155343019,-0.0542530962785834,-0.302914521482171,-0.566346691953808,-0.754723057741498,-0.781204347328755
9.1575924658976,-0.231618466835492,-1.37360786226733,-0.153760428359332,0.535143524969941,0.446567736464772,0.881035072773773,1.60695525459426,0.998501437387493,-1.00743524114046
5.2529860015792,-0.529088322713316,0.122523245879101,-0.236593194659932,-0.701231788994489,-0.741510029108882,1.39717437025207,1.48517194191166,1.10361557478314,1.70438252320826
2.29451499837617,-0.400920915288629,0.925331112479259,0.799852648671977,0.620231879623754,0.6564727377883,1.86103139334768,0.809205849588248,1.56834576166612,-0.175050520761215
-19.3590157319449,-0.742917497928572,0.0559444709173446,0.218698856196354,0.427213137754052,-0.310556151187592,-2.69160238548024,-2.31646050187064,-2.50110710169785,-0.507416569246301
-3.02376090054417,-0.233221729849623,0.343263918691435,0.286017708450001,0.515220284298562,-0.134191266393813,0.318220482666137,-0.535231257701981,0.21535460606528,-0.0621127143504802
11.0993502818737,-0.577827015234331,0.575788767493288,-0.140901270518983,0.0996536540242764,-0.72858252414404,2.75538090638216,2.42680712735694,2.46319709250338,1.29630147966722
7.91141462432566,0.288296465006023,0.46700378613335,-0.279952958051861,-0.893356195369217,-0.758993555952417,0.694246167606734,1.05669917031377,0.330935736590858,0.193888756673138
10.8909229870465,-0.044251468911154,-0.0141983354635663,-0.464675554838495,0.0813476257322035,0.274317096066471,0.906526561036009,1.92769529210738,1.57427700371586,-0.608429780835943
-0.10153144072611,-0.0417232027588541,-0.378300450688098,0.343722414942817,0.311027785064866,0.0748479681909548,0.114390722970798,0.0134152105667921,0.48763925552512,0.238006814527451
9.73840846173692,0.152523992195286,0.565493284454666,-0.304075939978574,-0.00343221721454616,0.0641992403730981,1.78336348669629,1.643058823248,1.53520786267933,0.0912834709259141
1.44413800981661,-0.0490834105601797,0.699379931920297,0.454291566525931,0.460056391951976,0.0226556577688293,0.576718533089976,0.183821995912708,0.853043510566336,0.735932433347044
7.2117115939321,0.121479372475325,-0.662440801893712,0.14937285190353,0.834340077107021,0.437407902173558,0.313586708937459,0.727268315177879,-0.197114184717111,-0.327883880832386
13.2334564234853,0.0897856736988535,0.108221369821629,0.0962964042091895,-0.0421726284382105,-0.370489297089074,1.55291857643642,2.00303791864699,1.46216765888613,0.584351048882697
15.8465719205419,0.0185368904422179,-0.754625947513133,0.303525182772431,0.0269324186276483,0.79010703462391,1.25231075113076,2.37056636533854,0.735934576159098,-0.257843616711593
-7.43537843418515,-0.52675028855395,-0.919079833579221,0.143638119867033,-0.0918012756917526,-0.274388495839061,-0.202427369559779,-0.587399350337701,0.363959049043714,0.383480308813954
12.2814937170049,-0.133861653637969,0.848080305034755,0.683523586428089,0.87564563834746,0.0487689448454232,2.35903774184654,2.00344202283417,2.18180515487912,-0.0543471548830423
-12.6687542942608,-0.366094124838765,0.355231601573944,0.712972962883296,0.626900280034361,0.159499965733683,-0.866428620253492,-1.64799336254572,-0.829470852485914,-0.723300561648102
11.0398758179233,-0.383025820376799,-0.674935495767042,-0.958042049311674,-0.103655033679736,0.35899050484624,1.93700439591861,2.00427590528525,1.83333474213065,-0.0657697932887367
1.05315288967608,-0.538724371175131,-0.158799367761259,-0.487811307033492,-0.558317083848811,-0.685698057003742,0.39009899547474,0.640640914455704,0.18865986127747,-0.660117095007912
-0.415874626484737,-0.621786010700856,0.190262916138521,0.372237081576299,0.741666136599774,0.281352918490913,0.145268809249697,0.301970520190445,0.507683704948491,-0.850621233068031
-3.8572421477197,-0.100698429843913,0.180686199351691,0.0226772431047811,-0.0151611771989347,-0.456298956578925,-0.932869621366168,-0.750088762737086,-0.667650590472993,0.333416475611701
-0.0642571827364806,-0.320295703017067,0.491378421427204,-0.1516990945618,0.198577559107254,-0.291251647783412,-0.304169295644134,0.10772390395762,-0.677170819109726,-0.676897428684445
-11.4903602336433,0.436845197067386,-0.631665053241498,-1.83915421696304,-1.13147286195206,-0.606195120184763,-3.03797826897425,-2.33787327467697,-2.37668370275317,0.135882425281244
-11.9498447723086,0.426827818191811,0.678748496239632,0.172794744106628,0.073153911363106,0.167400845578821,-2.20911557132235,-2.22367173544782,-3.11259565900181,-1.3941850598492
-14.9084948296405,-0.106722332024871,0.332265905774182,-0.308933681827462,-0.336221238461388,-0.886355747678903,-2.00754853955915,-1.99858560756061,-1.41330417461323,-1.23075682400495
19.4497023949233,-0.120462320060698,-0.714156824471153,0.178310361188817,0.402227076456036,1.03129427783875,3.00621314572369,3.37073948035888,2.4680875491325,0.127378109497948
-9.53838414857563,-0.165452774232497,-0.642801886463376,-0.0984129919051783,-0.263775999916778,0.163755835772873,-0.687876790267965,-1.37146080598646,-0.732330370464736,-1.07500364489483
-22.8784822778149,-0.667554574676145,0.634338431616299,0.920904495882933,0.735135195476198,0.476655922737219,-2.23818112880368,-3.03467776651506,-1.34243781412738,-0.640211792416539
-1.12858918907908,0.262323910276625,0.522934095185865,0.645179080739798,0.68935923421772,0.0844348845359456,0.153103461243012,-0.647623022791633,0.843427952196458,-0.487277197123495
3.93272831860655,-0.475651850216709,0.371791625468089,0.0536524517091309,0.270691843625952,-0.243869757223359,1.31720485465849,1.21686207038162,0.704323244392747,0.334743844628043
-0.236372083255796,0.277458060177295,-0.282394571121175,1.32384410726564,0.990276113851542,1.21202585756638,-0.949905896565999,-0.503674891368156,-1.8770061041727,-1.37874507178496
-9.46483269454114,0.0349153735588168,0.203029694165356,-0.139045662966388,0.468914435925989,0.375351874080929,-2.15660189007607,-1.60277477648493,-1.83713559223694,-1.0752379701988
-4.21274266215428,0.0590769980153326,-1.02884341676258,-0.709029598856917,-0.291826380634801,-0.452494262118417,-1.85814443391106,-0.735429270879171,-2.65401975567074,0.181981975439516
0.11399897699224,0.812155022911556,1.43126391151455,0.328735175200676,-0.177211808076326,-0.647905482965054,-1.00578419773684,-1.02518385030591,-0.711990543187712,0.136284259337892
6.38609942981389,-0.244971010360933,-0.93244015211428,-0.359459393589595,-0.615572165921382,-0.522775278977205,0.771381302874455,1.35449938197256,0.474300149884275,-0.506508678775504
-2.15127721781261,-0.142509401774737,-0.165578664012822,0.0256084248239714,-0.559284150589491,-0.429961404436086,-0.445073570037815,-0.29254082116297,0.245091386131343,-0.733013289053157
6.61602052327454,-0.133152184097196,-0.687115565054954,-1.24783608820755,-0.845216927626569,0.0924469908600658,2.22705199223711,1.23008539100788,1.49761061617701,1.01499985993272
-15.8021192282444,0.0417656495214609,-0.498171683411529,0.0516826929831739,-0.123941879467138,-0.0978585050212741,-3.47333403641409,-2.68013189061988,-2.95575195660919,-0.895006344975608
1.03149028202969,-0.318763622663752,0.345245107221957,0.20594011712838,0.507505694139534,0.126844767492912,0.868055827069873,0.540566614832095,0.900085882023781,0.026214040886382
18.9065127445666,1.19233514258224,-0.0952605388251245,-0.00186458588144828,-0.0674096190154663,0.349044616069398,1.18368113353661,2.10768049766047,1.37018853049253,0.707139724616636
-13.608103033987,-0.288897790595777,-0.36066756132945,0.581343570479374,0.966052449971122,0.690506674888086,-1.86613570686674,-1.86144037983357,-2.04325467617997,-0.146640618089345
-7.80250597759117,0.438442971317175,0.75028840400258,0.832828930404868,0.598734107761017,0.531683025328356,-0.403012775583576,-1.80765037927067,0.34766946392589,0.0824245877932235
-18.1810292695584,0.171331420979358,0.702399640055233,-0.0220950145351095,-0.0658554551282407,0.0498985017796718,-2.89716678770088,-2.72150211800218,-2.35827902716927,1.10850657846468
-17.9416307352717,-0.585208996382132,-0.705400052967037,-0.199026545819608,0.435534355916741,0.521883137552093,-2.01972660164673,-2.40331704962724,-2.04148417021687,0.799646737423993
1.96231911650753,0.426810148111957,0.11322214854163,-0.806774808819718,-0.548836762005725,-0.0822272304414272,-0.518500801011891,-0.285502637241746,0.416517546138364,-1.45174525112621
-7.98157411027118,0.166199210448707,-0.0160215302420734,-0.525509634125914,-0.588199453635846,-0.516232085238641,-1.53180488964959,-1.85238528057901,-0.546288396405466,-0.115541718592502
11.853236786459,-0.491306220649993,-0.78684487218538,-0.508677666630693,0.0195298422294477,-0.235301843961594,1.62134313999657,2.52075836490643,1.14163222851762,1.63542769113741
-6.88183039695003,-0.329162703207177,0.79403044088279,-0.260346317443086,-0.223524677001095,-0.655294664313254,-0.295936904564055,-0.535574959750786,-0.378726702591594,-0.19496599751332
-4.35062538108834,-0.00740182191738287,0.469468481297688,1.03633370482032,0.920784550937888,0.949269447933668,0.115443232855363,-0.702119414442122,-0.29876147700679,0.830825135603924
0.943619538835802,-0.49733824420585,-0.990403386786672,-0.712927153393295,-0.839908111175106,-0.840501387235193,1.48115704922855,0.688229054457849,1.74862672838423,1.71376059537916
-9.82742969672977,0.0924077636207918,-0.42651812675609,0.986518853314486,1.34764878063971,0.86972690831909,-2.72487425193431,-1.79189240852303,-2.41576900924241,-1.02712921504651
-2.02909169483344,-0.070822173364644,-0.705345991622622,-0.387204664893375,0.0588584212619206,-0.278748873062613,-0.445855488845932,-0.430710369482837,-0.476550752413973,-0.346829516759768
-17.3843532548107,-0.0233900323279565,-0.0736109960852353,-0.134092265982131,-0.117119922469941,-0.0597923403191192,-3.16290974326938,-2.85458149991778,-2.57395032450478,0.0843196275459737
-9.90920405566691,-0.296986585228594,0.267197877619173,-0.311786403702145,-0.113126327156745,0.52748775729654,-1.2583449474891,-1.55442667108805,-0.743258689255273,-0.590989662474623
1.29225776151582,0.135687478626925,0.00156144785315686,-0.685128219589304,-0.159563610448478,0.25549586257486,-0.450636160982304,0.17397872708584,0.443045197072531,0.145310766262039
13.5249285987043,0.337941342628191,0.424743928946936,0.539428995322337,0.864391923767969,1.06516262750171,2.28430197251114,1.95979001626978,2.37660116657661,0.623238328523716
26.4675035979435,-0.144152717529016,-0.244387933502203,0.38358174228204,0.0376315436692918,-0.0960765768656349,4.07146755164495,4.61747319573472,3.39636587045417,-0.414636014256812
-12.0313157451462,-0.0915427519524317,-0.454077727634653,-0.515208930205598,-0.0247097261790209,-0.0829146937126818,-2.53906892821802,-1.84609445156757,-1.68544604522519,-0.374707702990188
-2.88521012759476,-0.397324619297182,-0.6467969004982,-0.205732825246827,0.0452504475414037,0.54717469263183,-1.27535688023199,-0.151917524169645,-1.04078774446581,0.110512312996256
4.05307270989998,0.0941515035439866,-0.334695036111378,-1.08518097379146,-0.424526466438976,-0.227744486524345,0.277389251725439,0.488870622706656,0.881538647559296,0.894038973142831
-13.054224832437,-0.128302796474925,0.324870274178052,-0.0750883751065833,0.180024523596633,-0.150797908400313,-1.34082092725137,-1.95559722031508,-1.63425658936051,0.72959060799794
-3.99313538445439,-0.743498329411877,-0.0377589517965164,0.744088253826577,0.681848873318408,0.3455532959214,-0.385325907406684,0.0879042400977198,-0.694322911994438,-0.650705547966297
-3.44878461566746,0.458349449752831,0.565884495451412,-0.65197149742487,-0.536696721891518,-0.556119759979624,-1.02466989121702,-0.805066247492841,-0.848496835196369,0.504816517791904
10.5146128205543,0.340147321289833,-0.513449557521961,-0.187046756782981,-0.139619530397564,0.255023442797219,1.06610857645419,1.39604540317179,0.756125587469452,-0.514656673416053
-17.4732034386385,-0.445955693805521,-0.110980929821,0.767761701425307,0.562747484769294,0.666718887834125,-3.12028376784957,-2.39855370615285,-3.7652381284964,-0.356510313027847
8.35375713772946,0.265092250077045,-0.072465777950675,0.171964223868533,-0.0662995876822491,0.175334556884489,0.0133358090829373,1.01463915655559,0.377844632088533,1.11721101244154
-21.0740432104248,-0.353065003668363,0.267437719156472,-0.50372432777826,-0.841951879713485,-0.747384456677795,-2.97170042508185,-3.15458372533172,-2.7333739346615,-0.10930060318687
-16.8978544900915,-0.178018288878667,0.340007320665489,0.504287668155595,0.392984804481823,0.554468947279226,-1.35777095197788,-2.37552210851482,-1.31723795319284,-0.989596882839334
-11.2761845345785,-0.278643757244353,0.647016649046472,-0.399568391724995,-0.26951304771827,-0.316105484697889,-1.49855132604703,-1.55815355612554,-1.98793829709086,0.127076947189882
4.29355139578257,-0.217294547605413,-0.616948740147272,0.449655263627396,0.586708608691042,0.300763641122848,0.984278947846032,0.938713351583461,1.94089551011541,-0.128742887994764
4.43661409998726,-0.306455469448678,0.0694809235337278,-0.218055705907268,-0.105404077876093,0.0513415456200342,0.889598765774225,0.780762890162642,0.887295429784858,0.201909928878694
-4.70606155541611,-0.347770065088117,0.6195376689643,0.786075403683299,0.105168630425781,0.0566268526384099,0.582474950155223,-0.0374857040969386,0.99035709177217,0.0776307379755824
-11.2275640036064,0.191837175688818,-0.0756580300293105,-0.36920510164107,-0.00115206904929683,0.278495174617004,-1.93340041291488,-2.1310603900862,-2.33627751435066,-1.14256784210565
-13.9796082577041,-0.027779945115704,-0.564383780515094,-0.0255930944567461,-0.291942789847775,-0.111520587516801,-2.83806714983516,-2.16790653963799,-2.02157382743337,-0.00991605195421581
-16.2635266509853,-0.152779052912617,0.344209140226789,-0.381605541875182,0.0011742301322979,0.458492886634855,-2.05078719184295,-2.46990673396439,-1.77825716501563,-0.343666778533943
-12.681397884839,0.100775754129482,-0.515439172189601,0.99137033400967,0.430883640873097,0.461748608242129,-1.68580600654026,-2.27425662719449,-1.32610449767599,0.0759974820060018
2.83958693737705,-0.0758606530265459,0.3691570706869,1.26456438249645,0.949330091955428,1.28885051558351,0.23324897982706,0.538312271950876,1.95108539715603,-0.100910972429065
-11.359534000402,-0.856723824713953,0.183917749648009,0.140347725841616,0.0649159154664199,-0.0944400070595131,-0.818237863286735,-0.822630460955623,-0.0714274838964882,-0.218531061445222
3.93874628158262,-0.139746540815215,0.415718979790263,0.399545767286211,0.294552576147502,0.335682357597202,1.19175173070089,0.470963624144571,0.888380438164921,0.237758991607968
6.36214127917511,0.237568224926232,-0.584598754134586,0.598712240237938,0.457533630504415,0.58894550969713,0.947884545966954,0.802449273156353,1.04952332275597,0.266566277014144
0.549998164171789,-0.124140256837815,-0.191684524247789,0.346574468051145,0.124777402142028,0.523980736298705,0.391810822070862,0.186160657360146,-0.132496439640235,-0.877234239588235
-9.8164576425788,-0.406231277049138,-0.690181411495211,-0.472408491883513,-0.159154936792764,0.143841578157498,-1.16373645684459,-1.22393973880686,-0.709844578789171,0.155500921901606
-11.0245788017771,-0.222326203531291,-0.22751701145642,0.0505916495054753,0.464878967460607,0.305142759250642,-0.699570856535134,-1.50163573323785,-0.367869694081354,-0.00692813107894818
-28.4129353263007,0.33721577529278,-0.151709624850479,-0.0208689365627209,0.32942862438544,0.945525986672678,-4.92376006853675,-5.17135817748072,-4.58578937499375,-1.19486175141261
2.76533416151588,0.146581083328775,0.292435738540333,-0.280483941906723,0.0385726713881797,-0.542763879089974,0.174563818767965,0.370513361116133,-0.187550915096345,0.554275605610194
-6.0793282241791,-0.292985264267882,0.112013529375746,-0.13961381192066,0.336682894898782,0.362423420387321,-1.65962282247504,-0.602452508601986,-0.157636855016564,0.678817430386148
0.187075275807567,0.230733345474293,0.335703978405185,0.423346336313761,0.611620358781104,0.233960442474797,0.210526586875625,-0.225426117432215,-0.785185336423144,0.626507128706804
